DTXSID,tox_value_mg_L,tox_S_AD,tox_stat,tox_source,species,tox_reliability,neutral_fraction_jchem,tox_source_origin
DTXSID001006774,4.479,0,qsar,IRFMN,algae,NA,0.02,IRFMN
DTXSID001006774,270.5,0,qsar,ECOSAR_BASELINE,algae,NA,0.02,ECOSAR_BASELINE
DTXSID001006774,0.7013,3,qsar,VAN_LEEUWEN,algae,NA,0.02,VAN_LEEUWEN
DTXSID001006774,3.944,0,qsar,IRFMN,crustacean,NA,0.02,IRFMN
DTXSID001006774,456.6,0,qsar,ECOSAR_BASELINE,crustacean,NA,0.02,ECOSAR_BASELINE
DTXSID001006774,0.0009034,3,qsar,BOL,crustacean,NA,0.02,BOL
DTXSID001006774,6.959,0,qsar,IRFMN,fish,NA,0.02,IRFMN
DTXSID001006774,849.9,0,qsar,ECOSAR_BASELINE,fish,NA,0.02,ECOSAR_BASELINE
DTXSID001006774,0.0007514,3,qsar,BOL,fish,NA,0.02,BOL
DTXSID001009885,4.188,3,qsar,IRFMN,algae,NA,0.001,IRFMN
DTXSID001009885,324.5,3,qsar,ECOSAR_BASELINE,algae,NA,0.001,ECOSAR_BASELINE
DTXSID001009885,0.9626,3,qsar,VAN_LEEUWEN,algae,NA,0.001,VAN_LEEUWEN
DTXSID001009885,16.73,3,qsar,IRFMN,crustacean,NA,0.001,IRFMN
DTXSID001009885,589,3,qsar,ECOSAR_BASELINE,crustacean,NA,0.001,ECOSAR_BASELINE
DTXSID001009885,0.001213,3,qsar,BOL,crustacean,NA,0.001,BOL
DTXSID001009885,4.258,3,qsar,IRFMN,fish,NA,0.001,IRFMN
DTXSID001009885,1116,2,qsar,ECOSAR_BASELINE,fish,NA,0.001,ECOSAR_BASELINE
DTXSID001009885,0.000966,3,qsar,BOL,fish,NA,0.001,BOL
DTXSID001016375,0.9052,3,qsar,IRFMN,algae,NA,0.001,IRFMN
DTXSID001016375,1.981,3,qsar,ECOSAR_BASELINE,algae,NA,0.001,ECOSAR_BASELINE
DTXSID001016375,0.0005243,3,qsar,VAN_LEEUWEN,algae,NA,0.001,VAN_LEEUWEN
DTXSID001016375,0.03886,3,qsar,IRFMN,crustacean,NA,0.001,IRFMN
DTXSID001016375,0.9781,3,qsar,ECOSAR_BASELINE,crustacean,NA,0.001,ECOSAR_BASELINE
DTXSID001016375,0.0000009785,3,qsar,BOL,crustacean,NA,0.001,BOL
DTXSID001016375,1.48,3,qsar,IRFMN,fish,NA,0.001,IRFMN
DTXSID001016375,1.352,3,qsar,ECOSAR_BASELINE,fish,NA,0.001,ECOSAR_BASELINE
DTXSID001016375,0.000001708,3,qsar,BOL,fish,NA,0.001,BOL
DTXSID001017816,1.108,3,qsar,IRFMN,algae,NA,1,IRFMN
DTXSID001017816,1.255,3,qsar,ECOSAR_BASELINE,algae,NA,1,ECOSAR_BASELINE
DTXSID001017816,0.0002704,3,qsar,VAN_LEEUWEN,algae,NA,1,VAN_LEEUWEN
DTXSID001017816,0.6949,3,qsar,IRFMN,crustacean,NA,1,IRFMN
DTXSID001017816,0.5546,3,qsar,ECOSAR_BASELINE,crustacean,NA,1,ECOSAR_BASELINE
DTXSID001017816,0.0000005217,3,qsar,BOL,crustacean,NA,1,BOL
DTXSID001017816,1.236,3,qsar,IRFMN,fish,NA,1,IRFMN
DTXSID001017816,0.7466,3,qsar,ECOSAR_BASELINE,fish,NA,1,ECOSAR_BASELINE
DTXSID001017816,0.0000009737,3,qsar,BOL,fish,NA,1,BOL
DTXSID001017842,11.59,3,qsar,IRFMN,algae,NA,0.98,IRFMN
DTXSID001017842,673.1,2,qsar,ECOSAR_BASELINE,algae,NA,0.98,ECOSAR_BASELINE
DTXSID001017842,3.256,3,qsar,VAN_LEEUWEN,algae,NA,0.98,VAN_LEEUWEN
DTXSID001017842,60.63,3,qsar,IRFMN,crustacean,NA,0.98,IRFMN
DTXSID001017842,1590,2,qsar,ECOSAR_BASELINE,crustacean,NA,0.98,ECOSAR_BASELINE
DTXSID001017842,0.003791,3,qsar,BOL,crustacean,NA,0.98,BOL
DTXSID001017842,31.51,3,qsar,IRFMN,fish,NA,0.98,IRFMN
DTXSID001017842,3210,2,qsar,ECOSAR_BASELINE,fish,NA,0.98,ECOSAR_BASELINE
DTXSID001017842,0.002575,3,qsar,BOL,fish,NA,0.98,BOL
DTXSID001018771,8.591,3,qsar,IRFMN,algae,NA,0.001,IRFMN
DTXSID001018771,141.9,3,qsar,ECOSAR_BASELINE,algae,NA,0.001,ECOSAR_BASELINE
DTXSID001018771,0.2996,3,qsar,VAN_LEEUWEN,algae,NA,0.001,VAN_LEEUWEN
DTXSID001018771,19.34,3,qsar,IRFMN,crustacean,NA,0.001,IRFMN
DTXSID001018771,214.4,3,qsar,ECOSAR_BASELINE,crustacean,NA,0.001,ECOSAR_BASELINE
DTXSID001018771,0.000399,3,qsar,BOL,crustacean,NA,0.001,BOL
DTXSID001018771,9.025,3,qsar,IRFMN,fish,NA,0.001,IRFMN
DTXSID001018771,388.6,3,qsar,ECOSAR_BASELINE,fish,NA,0.001,ECOSAR_BASELINE
DTXSID001018771,0.0003548,3,qsar,BOL,fish,NA,0.001,BOL
DTXSID001020073,6.491,3,qsar,IRFMN,algae,NA,0.28,IRFMN
DTXSID001020073,1691,2,qsar,ECOSAR_BASELINE,algae,NA,0.28,ECOSAR_BASELINE
DTXSID001020073,9.907,3,qsar,VAN_LEEUWEN,algae,NA,0.28,VAN_LEEUWEN
DTXSID001020073,45.28,3,qsar,IRFMN,crustacean,NA,0.28,IRFMN
DTXSID001020073,4428,2,qsar,ECOSAR_BASELINE,crustacean,NA,0.28,ECOSAR_BASELINE
DTXSID001020073,0.01118,3,qsar,BOL,crustacean,NA,0.28,BOL
DTXSID001020073,4.44,3,qsar,IRFMN,fish,NA,0.28,IRFMN
DTXSID001020073,9166,2,qsar,ECOSAR_BASELINE,fish,NA,0.28,ECOSAR_BASELINE
DTXSID001020073,0.007135,3,qsar,BOL,fish,NA,0.28,BOL
DTXSID001028603,4.058,3,qsar,IRFMN,algae,NA,0.001,IRFMN
DTXSID001028603,2197,2,qsar,ECOSAR_BASELINE,algae,NA,0.001,ECOSAR_BASELINE
DTXSID001028603,16.03,3,qsar,VAN_LEEUWEN,algae,NA,0.001,VAN_LEEUWEN
DTXSID001028603,18.83,3,qsar,IRFMN,crustacean,NA,0.001,IRFMN
DTXSID001028603,6475,2,qsar,ECOSAR_BASELINE,crustacean,NA,0.001,ECOSAR_BASELINE
DTXSID001028603,0.01746,3,qsar,BOL,crustacean,NA,0.001,BOL
DTXSID001028603,3.463,3,qsar,IRFMN,fish,NA,0.001,IRFMN
DTXSID001028603,13790,2,qsar,ECOSAR_BASELINE,fish,NA,0.001,ECOSAR_BASELINE
DTXSID001028603,0.01037,3,qsar,BOL,fish,NA,0.001,BOL
DTXSID00146058,0.3795,3,qsar,IRFMN,algae,NA,1,IRFMN
DTXSID00146058,14.42,3,qsar,ECOSAR_BASELINE,algae,NA,1,ECOSAR_BASELINE
DTXSID00146058,0.01029,3,qsar,VAN_LEEUWEN,algae,NA,1,VAN_LEEUWEN
DTXSID00146058,0.9607,3,qsar,IRFMN,crustacean,NA,1,IRFMN
DTXSID00146058,12.15,3,qsar,ECOSAR_BASELINE,crustacean,NA,1,ECOSAR_BASELINE
DTXSID00146058,0.00001635,3,qsar,BOL,crustacean,NA,1,BOL
DTXSID00146058,1.601,3,qsar,IRFMN,fish,NA,1,IRFMN
DTXSID00146058,19.12,3,qsar,ECOSAR_BASELINE,fish,NA,1,ECOSAR_BASELINE
DTXSID00146058,0.00002068,3,qsar,BOL,fish,NA,1,BOL
DTXSID00149908,10.1,3,qsar,IRFMN,algae,NA,0.87,IRFMN
DTXSID00149908,926.5,3,qsar,ECOSAR_BASELINE,algae,NA,0.87,ECOSAR_BASELINE
DTXSID00149908,6.079,3,qsar,VAN_LEEUWEN,algae,NA,0.87,VAN_LEEUWEN
DTXSID00149908,133,3,qsar,IRFMN,crustacean,NA,0.87,IRFMN
DTXSID00149908,2579,3,qsar,ECOSAR_BASELINE,crustacean,NA,0.87,ECOSAR_BASELINE
DTXSID00149908,0.006735,3,qsar,BOL,crustacean,NA,0.87,BOL
DTXSID00149908,9.833,3,qsar,IRFMN,fish,NA,0.87,IRFMN
DTXSID00149908,5418,3,qsar,ECOSAR_BASELINE,fish,NA,0.87,ECOSAR_BASELINE
DTXSID00149908,0.004143,3,qsar,BOL,fish,NA,0.87,BOL
DTXSID00150731,12.07,3,qsar,IRFMN,algae,NA,0.15,IRFMN
DTXSID00150731,276.3,3,qsar,ECOSAR_BASELINE,algae,NA,0.15,ECOSAR_BASELINE
DTXSID00150731,0.7583,3,qsar,VAN_LEEUWEN,algae,NA,0.15,VAN_LEEUWEN
DTXSID00150731,775.9,3,qsar,IRFMN,crustacean,NA,0.15,IRFMN
DTXSID00150731,480.9,3,qsar,ECOSAR_BASELINE,crustacean,NA,0.15,ECOSAR_BASELINE
DTXSID00150731,0.0009679,3,qsar,BOL,crustacean,NA,0.15,BOL
DTXSID00150731,4.822,3,qsar,IRFMN,fish,NA,0.15,IRFMN
DTXSID00150731,901.9,3,qsar,ECOSAR_BASELINE,fish,NA,0.15,ECOSAR_BASELINE
DTXSID00150731,0.0007904,3,qsar,BOL,fish,NA,0.15,BOL
DTXSID00155362,10.33,3,qsar,IRFMN,algae,NA,0.32,IRFMN
DTXSID00155362,960.2,2,qsar,ECOSAR_BASELINE,algae,NA,0.32,ECOSAR_BASELINE
DTXSID00155362,4.421,3,qsar,VAN_LEEUWEN,algae,NA,0.32,VAN_LEEUWEN
DTXSID00155362,11.9,3,qsar,IRFMN,crustacean,NA,0.32,IRFMN
DTXSID00155362,2208,2,qsar,ECOSAR_BASELINE,crustacean,NA,0.32,ECOSAR_BASELINE
DTXSID00155362,0.005188,3,qsar,BOL,crustacean,NA,0.32,BOL
DTXSID00155362,5.833,3,qsar,IRFMN,fish,NA,0.32,IRFMN
DTXSID00155362,4430,2,qsar,ECOSAR_BASELINE,fish,NA,0.32,ECOSAR_BASELINE
DTXSID00155362,0.003581,3,qsar,BOL,fish,NA,0.32,BOL
DTXSID00157826,12.17,3,qsar,IRFMN,algae,NA,0.44,IRFMN
DTXSID00157826,115.1,2,qsar,ECOSAR_BASELINE,algae,NA,0.44,ECOSAR_BASELINE
DTXSID00157826,0.1843,3,qsar,VAN_LEEUWEN,algae,NA,0.44,VAN_LEEUWEN
DTXSID00157826,4.031,3,qsar,IRFMN,crustacean,NA,0.44,IRFMN
DTXSID00157826,149.8,2,qsar,ECOSAR_BASELINE,crustacean,NA,0.44,ECOSAR_BASELINE
DTXSID00157826,0.0002567,3,qsar,BOL,crustacean,NA,0.44,BOL
DTXSID00157826,5.672,3,qsar,IRFMN,fish,NA,0.44,IRFMN
DTXSID00157826,261.9,2,qsar,ECOSAR_BASELINE,fish,NA,0.44,ECOSAR_BASELINE
DTXSID00157826,0.0002497,3,qsar,BOL,fish,NA,0.44,BOL
DTXSID00159825,0.3913,3,qsar,IRFMN,algae,NA,1,IRFMN
DTXSID00159825,0.5233,3,qsar,ECOSAR_BASELINE,algae,NA,1,ECOSAR_BASELINE
DTXSID00159825,0.00008081,3,qsar,VAN_LEEUWEN,algae,NA,1,VAN_LEEUWEN
DTXSID00159825,1.142,3,qsar,IRFMN,crustacean,NA,1,IRFMN
DTXSID00159825,0.1933,3,qsar,ECOSAR_BASELINE,crustacean,NA,1,ECOSAR_BASELINE
DTXSID00159825,0.0000001646,3,qsar,BOL,crustacean,NA,1,BOL
DTXSID00159825,0.9555,3,qsar,IRFMN,fish,NA,1,IRFMN
DTXSID00159825,0.2492,3,qsar,ECOSAR_BASELINE,fish,NA,1,ECOSAR_BASELINE
DTXSID00159825,0.0000003424,3,qsar,BOL,fish,NA,1,BOL
DTXSID00161160,14.77,3,qsar,IRFMN,algae,NA,0.63,IRFMN
DTXSID00161160,153.1,2,qsar,ECOSAR_BASELINE,algae,NA,0.63,ECOSAR_BASELINE
DTXSID00161160,0.254,3,qsar,VAN_LEEUWEN,algae,NA,0.63,VAN_LEEUWEN
DTXSID00161160,14.62,3,qsar,IRFMN,crustacean,NA,0.63,IRFMN
DTXSID00161160,203.2,2,qsar,ECOSAR_BASELINE,crustacean,NA,0.63,ECOSAR_BASELINE
DTXSID00161160,0.0003518,3,qsar,BOL,crustacean,NA,0.63,BOL
DTXSID00161160,6.644,3,qsar,IRFMN,fish,NA,0.63,IRFMN
DTXSID00161160,356.9,2,qsar,ECOSAR_BASELINE,fish,NA,0.63,ECOSAR_BASELINE
DTXSID00161160,0.0003383,3,qsar,BOL,fish,NA,0.63,BOL
DTXSID00167107,2.45,3,qsar,IRFMN,algae,NA,1,IRFMN
DTXSID00167107,550.5,2,qsar,ECOSAR_BASELINE,algae,NA,1,ECOSAR_BASELINE
DTXSID00167107,2.701,3,qsar,VAN_LEEUWEN,algae,NA,1,VAN_LEEUWEN
DTXSID00167107,14.84,3,qsar,IRFMN,crustacean,NA,1,IRFMN
DTXSID00167107,1310,2,qsar,ECOSAR_BASELINE,crustacean,NA,1,ECOSAR_BASELINE
DTXSID00167107,0.003137,3,qsar,BOL,crustacean,NA,1,BOL
DTXSID00167107,7.376,3,qsar,IRFMN,fish,NA,1,IRFMN
DTXSID00167107,2650,2,qsar,ECOSAR_BASELINE,fish,NA,1,ECOSAR_BASELINE
DTXSID00167107,0.002121,3,qsar,BOL,fish,NA,1,BOL
DTXSID00177004,4.284,3,qsar,IRFMN,algae,NA,1,IRFMN
DTXSID00177004,49.27,2,qsar,ECOSAR_BASELINE,algae,NA,1,ECOSAR_BASELINE
DTXSID00177004,0.04942,3,qsar,VAN_LEEUWEN,algae,NA,1,VAN_LEEUWEN
DTXSID00177004,8.202,3,qsar,IRFMN,crustacean,NA,1,IRFMN
DTXSID00177004,49.86,2,qsar,ECOSAR_BASELINE,crustacean,NA,1,ECOSAR_BASELINE
DTXSID00177004,0.00007428,3,qsar,BOL,crustacean,NA,1,BOL
DTXSID00177004,3.791,3,qsar,IRFMN,fish,NA,1,IRFMN
DTXSID00177004,82.02,2,qsar,ECOSAR_BASELINE,fish,NA,1,ECOSAR_BASELINE
DTXSID00177004,0.00008412,3,qsar,BOL,fish,NA,1,BOL
DTXSID00184293,3.941,3,qsar,IRFMN,algae,NA,0.03,IRFMN
DTXSID00184293,12.05,2,qsar,ECOSAR_BASELINE,algae,NA,0.03,ECOSAR_BASELINE
DTXSID00184293,0.006664,3,qsar,VAN_LEEUWEN,algae,NA,0.03,VAN_LEEUWEN
DTXSID00184293,4.303,3,qsar,IRFMN,crustacean,NA,0.03,IRFMN
DTXSID00184293,8.849,3,qsar,ECOSAR_BASELINE,crustacean,NA,0.03,ECOSAR_BASELINE
DTXSID00184293,0.00001103,3,qsar,BOL,crustacean,NA,0.03,BOL
DTXSID00184293,2.732,3,qsar,IRFMN,fish,NA,0.03,IRFMN
DTXSID00184293,13.47,2,qsar,ECOSAR_BASELINE,fish,NA,0.03,ECOSAR_BASELINE
DTXSID00184293,0.00001516,3,qsar,BOL,fish,NA,0.03,BOL
DTXSID00192353,0.3203,3,qsar,IRFMN,algae,NA,0.001,IRFMN
DTXSID00192353,8.6,3,qsar,ECOSAR_BASELINE,algae,NA,0.001,ECOSAR_BASELINE
DTXSID00192353,0.003738,3,qsar,VAN_LEEUWEN,algae,NA,0.001,VAN_LEEUWEN
DTXSID00192353,0.2708,3,qsar,IRFMN,crustacean,NA,0.001,IRFMN
DTXSID00192353,5.547,3,qsar,ECOSAR_BASELINE,crustacean,NA,0.001,ECOSAR_BASELINE
DTXSID00192353,0.000006436,3,qsar,BOL,crustacean,NA,0.001,BOL
DTXSID00192353,1.653,3,qsar,IRFMN,fish,NA,0.001,IRFMN
DTXSID00192353,8.182,3,qsar,ECOSAR_BASELINE,fish,NA,0.001,ECOSAR_BASELINE
DTXSID00192353,0.000009563,3,qsar,BOL,fish,NA,0.001,BOL
DTXSID00193209,1.365,3,qsar,IRFMN,algae,NA,0.001,IRFMN
DTXSID00193209,4.059,3,qsar,ECOSAR_BASELINE,algae,NA,0.001,ECOSAR_BASELINE
DTXSID00193209,0.001691,3,qsar,VAN_LEEUWEN,algae,NA,0.001,VAN_LEEUWEN
DTXSID00193209,2.559,3,qsar,IRFMN,crustacean,NA,0.001,IRFMN
DTXSID00193209,2.559,3,qsar,ECOSAR_BASELINE,crustacean,NA,0.001,ECOSAR_BASELINE
DTXSID00193209,0.000002931,3,qsar,BOL,crustacean,NA,0.001,BOL
DTXSID00193209,1.54,3,qsar,IRFMN,fish,NA,0.001,IRFMN
DTXSID00193209,3.754,3,qsar,ECOSAR_BASELINE,fish,NA,0.001,ECOSAR_BASELINE
DTXSID00193209,0.000004416,3,qsar,BOL,fish,NA,0.001,BOL
DTXSID00193825,1.39,3,qsar,IRFMN,algae,NA,0.04,IRFMN
DTXSID00193825,0.9379,3,qsar,ECOSAR_BASELINE,algae,NA,0.04,ECOSAR_BASELINE
DTXSID00193825,0.0001511,3,qsar,VAN_LEEUWEN,algae,NA,0.04,VAN_LEEUWEN
DTXSID00193825,0.01022,3,qsar,IRFMN,crustacean,NA,0.04,IRFMN
DTXSID00193825,0.3545,3,qsar,ECOSAR_BASELINE,crustacean,NA,0.04,ECOSAR_BASELINE
DTXSID00193825,0.0000003057,3,qsar,BOL,crustacean,NA,0.04,BOL
DTXSID00193825,1.844,3,qsar,IRFMN,fish,NA,0.04,IRFMN
DTXSID00193825,0.4595,3,qsar,ECOSAR_BASELINE,fish,NA,0.04,ECOSAR_BASELINE
DTXSID00193825,0.0000006271,3,qsar,BOL,fish,NA,0.04,BOL
DTXSID00196255,1.378,0,qsar,IRFMN,algae,NA,1,IRFMN
DTXSID00196255,0.006874,0,qsar,ECOSAR_BASELINE,algae,NA,1,ECOSAR_BASELINE
DTXSID00196255,0.0000001046,3,qsar,VAN_LEEUWEN,algae,NA,1,VAN_LEEUWEN
DTXSID00196255,0.4164,0,qsar,IRFMN,crustacean,NA,1,IRFMN
DTXSID00196255,0.0007287,3,qsar,ECOSAR_BASELINE,crustacean,NA,1,ECOSAR_BASELINE
DTXSID00196255,3.104E-10,3,qsar,BOL,crustacean,NA,1,BOL
DTXSID00196255,1.041,0,qsar,IRFMN,fish,NA,1,IRFMN
DTXSID00196255,0.0006946,3,qsar,ECOSAR_BASELINE,fish,NA,1,ECOSAR_BASELINE
DTXSID00196255,0.000000001371,3,qsar,BOL,fish,NA,1,BOL
DTXSID00196977,4.119,3,qsar,IRFMN,algae,NA,0.25,IRFMN
DTXSID00196977,384.2,3,qsar,ECOSAR_BASELINE,algae,NA,0.25,ECOSAR_BASELINE
DTXSID00196977,1.268,3,qsar,VAN_LEEUWEN,algae,NA,0.25,VAN_LEEUWEN
DTXSID00196977,13.9,3,qsar,IRFMN,crustacean,NA,0.25,IRFMN
DTXSID00196977,738.4,3,qsar,ECOSAR_BASELINE,crustacean,NA,0.25,ECOSAR_BASELINE
DTXSID00196977,0.00157,3,qsar,BOL,crustacean,NA,0.25,BOL
DTXSID00196977,7.518,3,qsar,IRFMN,fish,NA,0.25,IRFMN
DTXSID00196977,1418,3,qsar,ECOSAR_BASELINE,fish,NA,0.25,ECOSAR_BASELINE
DTXSID00196977,0.001208,3,qsar,BOL,fish,NA,0.25,BOL
DTXSID00199685,0.2622,3,qsar,IRFMN,algae,NA,1,IRFMN
DTXSID00199685,7.796,3,qsar,ECOSAR_BASELINE,algae,NA,1,ECOSAR_BASELINE
DTXSID00199685,0.003904,3,qsar,VAN_LEEUWEN,algae,NA,1,VAN_LEEUWEN
DTXSID00199685,0.8944,3,qsar,IRFMN,crustacean,NA,1,IRFMN
DTXSID00199685,5.427,3,qsar,ECOSAR_BASELINE,crustacean,NA,1,ECOSAR_BASELINE
DTXSID00199685,0.00000657,3,qsar,BOL,crustacean,NA,1,BOL
DTXSID00199685,1.313,3,qsar,IRFMN,fish,NA,1,IRFMN
DTXSID00199685,8.155,3,qsar,ECOSAR_BASELINE,fish,NA,1,ECOSAR_BASELINE
DTXSID00199685,0.000009323,3,qsar,BOL,fish,NA,1,BOL
DTXSID00199862,3.684,3,qsar,IRFMN,algae,NA,1,IRFMN
DTXSID00199862,1611,3,qsar,ECOSAR_BASELINE,algae,NA,1,ECOSAR_BASELINE
DTXSID00199862,9.776,3,qsar,VAN_LEEUWEN,algae,NA,1,VAN_LEEUWEN
DTXSID00199862,34.69,3,qsar,IRFMN,crustacean,NA,1,IRFMN
DTXSID00199862,4299,3,qsar,ECOSAR_BASELINE,crustacean,NA,1,ECOSAR_BASELINE
DTXSID00199862,0.01097,3,qsar,BOL,crustacean,NA,1,BOL
DTXSID00199862,4.031,3,qsar,IRFMN,fish,NA,1,IRFMN
DTXSID00199862,8940,3,qsar,ECOSAR_BASELINE,fish,NA,1,ECOSAR_BASELINE
DTXSID00199862,0.006921,3,qsar,BOL,fish,NA,1,BOL
DTXSID0020022,0.4502,3,qsar,IRFMN,algae,NA,0.001,IRFMN
DTXSID0020022,7.468,3,qsar,ECOSAR_BASELINE,algae,NA,0.001,ECOSAR_BASELINE
DTXSID0020022,0.00361,3,qsar,VAN_LEEUWEN,algae,NA,0.001,VAN_LEEUWEN
DTXSID0020022,20.03,3,geomean,ecotox,crustacean,NA,0.001,ecotox
DTXSID0020022,20.03,3,quantile,ecotox,crustacean,NA,0.001,ecotox
DTXSID0020022,0.2175,3,qsar,IRFMN,crustacean,NA,0.001,IRFMN
DTXSID0020022,5.101,3,qsar,ECOSAR_BASELINE,crustacean,NA,0.001,ECOSAR_BASELINE
DTXSID0020022,0.000006109,3,qsar,BOL,crustacean,NA,0.001,BOL
DTXSID0020022,83,3,geomean,ecotox,fish,NA,0.001,ecotox
DTXSID0020022,83,3,quantile,ecotox,fish,NA,0.001,ecotox
DTXSID0020022,1.068,3,qsar,IRFMN,fish,NA,0.001,IRFMN
DTXSID0020022,7.629,3,qsar,ECOSAR_BASELINE,fish,NA,0.001,ECOSAR_BASELINE
DTXSID0020022,0.00000877,3,qsar,BOL,fish,NA,0.001,BOL
DTXSID0020074,16.85,3,qsar,IRFMN,algae,NA,1,IRFMN
DTXSID0020074,15490,3,qsar,ECOSAR_BASELINE,algae,NA,1,ECOSAR_BASELINE
DTXSID0020074,311.4,3,qsar,VAN_LEEUWEN,algae,NA,1,VAN_LEEUWEN
DTXSID0020074,24.74,3,qsar,IRFMN,crustacean,NA,1,IRFMN
DTXSID0020074,78800,2,qsar,ECOSAR_BASELINE,crustacean,NA,1,ECOSAR_BASELINE
DTXSID0020074,0.2876,3,qsar,BOL,crustacean,NA,1,BOL
DTXSID0020074,42.57,3,qsar,IRFMN,fish,NA,1,IRFMN
DTXSID0020074,191600,2,qsar,ECOSAR_BASELINE,fish,NA,1,ECOSAR_BASELINE
DTXSID0020074,0.123,3,qsar,BOL,fish,NA,1,BOL
DTXSID0020076,39.69,3,geomean,ecotox,algae,NA,1,ecotox
DTXSID0020076,10,3,quantile,ecotox,algae,NA,1,ecotox
DTXSID0020076,19.47,3,qsar,IRFMN,algae,NA,1,IRFMN
DTXSID0020076,4791,3,qsar,ECOSAR_BASELINE,algae,NA,1,ECOSAR_BASELINE
DTXSID0020076,78.43,3,qsar,VAN_LEEUWEN,algae,NA,1,VAN_LEEUWEN
DTXSID0020076,14.13,3,geomean,ecotox,crustacean,NA,1,ecotox
DTXSID0020076,5.055,3,quantile,ecotox,crustacean,NA,1,ecotox
DTXSID0020076,35.04,3,qsar,IRFMN,crustacean,NA,1,IRFMN
DTXSID0020076,21820,3,qsar,ECOSAR_BASELINE,crustacean,NA,1,ECOSAR_BASELINE
DTXSID0020076,0.0749,3,qsar,BOL,crustacean,NA,1,BOL
DTXSID0020076,326.7,3,geomean,ecotox,fish,NA,1,ecotox
DTXSID0020076,100,3,quantile,ecotox,fish,NA,1,ecotox
DTXSID0020076,22.16,3,qsar,IRFMN,fish,NA,1,IRFMN
DTXSID0020076,51640,3,qsar,ECOSAR_BASELINE,fish,NA,1,ECOSAR_BASELINE
DTXSID0020076,0.03424,3,qsar,BOL,fish,NA,1,BOL
DTXSID0020107,8.376,3,qsar,IRFMN,algae,NA,0.94,IRFMN
DTXSID0020107,48010,2,qsar,ECOSAR_BASELINE,algae,NA,0.94,ECOSAR_BASELINE
DTXSID0020107,1255,3,qsar,VAN_LEEUWEN,algae,NA,0.94,VAN_LEEUWEN
DTXSID0020107,21.8,3,qsar,IRFMN,crustacean,NA,0.94,IRFMN
DTXSID0020107,281300,2,qsar,ECOSAR_BASELINE,crustacean,NA,0.94,ECOSAR_BASELINE
DTXSID0020107,1.111,3,qsar,BOL,crustacean,NA,0.94,BOL
DTXSID0020107,4.03,3,qsar,IRFMN,fish,NA,0.94,IRFMN
DTXSID0020107,707600,1,qsar,ECOSAR_BASELINE,fish,NA,0.94,ECOSAR_BASELINE
DTXSID0020107,0.436,3,qsar,BOL,fish,NA,0.94,BOL
DTXSID00202062,11.1,3,qsar,IRFMN,algae,NA,0.06,IRFMN
DTXSID00202062,125.6,3,qsar,ECOSAR_BASELINE,algae,NA,0.06,ECOSAR_BASELINE
DTXSID00202062,0.2385,3,qsar,VAN_LEEUWEN,algae,NA,0.06,VAN_LEEUWEN
DTXSID00202062,4.441,3,qsar,IRFMN,crustacean,NA,0.06,IRFMN
DTXSID00202062,179.3,3,qsar,ECOSAR_BASELINE,crustacean,NA,0.06,ECOSAR_BASELINE
DTXSID00202062,0.0003232,3,qsar,BOL,crustacean,NA,0.06,BOL
DTXSID00202062,10.15,3,qsar,IRFMN,fish,NA,0.06,IRFMN
DTXSID00202062,320.5,2,qsar,ECOSAR_BASELINE,fish,NA,0.06,ECOSAR_BASELINE
DTXSID00202062,0.0002975,3,qsar,BOL,fish,NA,0.06,BOL
DTXSID0020232,171.3,3,geomean,ecotox,algae,NA,1,ecotox
DTXSID0020232,101.4,3,quantile,ecotox,algae,NA,1,ecotox
DTXSID0020232,8.494,3,qsar,IRFMN,algae,NA,1,IRFMN
DTXSID0020232,2284,3,qsar,ECOSAR_BASELINE,algae,NA,1,ECOSAR_BASELINE
DTXSID0020232,18.53,3,qsar,VAN_LEEUWEN,algae,NA,1,VAN_LEEUWEN
DTXSID0020232,171.4,3,geomean,ecotox,crustacean,NA,1,ecotox
DTXSID0020232,161.4,3,quantile,ecotox,crustacean,NA,1,ecotox
DTXSID0020232,26.79,3,qsar,IRFMN,crustacean,NA,1,IRFMN
DTXSID0020232,7128,3,qsar,ECOSAR_BASELINE,crustacean,NA,1,ECOSAR_BASELINE
DTXSID0020232,0.01984,3,qsar,BOL,crustacean,NA,1,BOL
DTXSID0020232,156.6,3,geomean,ecotox,fish,NA,1,ecotox
DTXSID0020232,37.5,3,quantile,ecotox,fish,NA,1,ecotox
DTXSID0020232,7.552,3,qsar,IRFMN,fish,NA,1,IRFMN
DTXSID0020232,15400,3,qsar,ECOSAR_BASELINE,fish,NA,1,ECOSAR_BASELINE
DTXSID0020232,0.01139,3,qsar,BOL,fish,NA,1,BOL
DTXSID0020280,20.56,3,geomean,ecotox,algae,NA,1,ecotox
DTXSID0020280,7.72,3,quantile,ecotox,algae,NA,1,ecotox
DTXSID0020280,7.402,3,qsar,IRFMN,algae,NA,1,IRFMN
DTXSID0020280,29.3,3,qsar,ECOSAR_BASELINE,algae,NA,1,ECOSAR_BASELINE
DTXSID0020280,0.03766,3,qsar,VAN_LEEUWEN,algae,NA,1,VAN_LEEUWEN
DTXSID0020280,14.58,3,geomean,ecotox,crustacean,NA,1,ecotox
DTXSID0020280,4.52,3,quantile,ecotox,crustacean,NA,1,ecotox
DTXSID0020280,7.343,3,qsar,IRFMN,crustacean,NA,1,IRFMN
DTXSID0020280,33.89,3,qsar,ECOSAR_BASELINE,crustacean,NA,1,ECOSAR_BASELINE
DTXSID0020280,0.00005437,3,qsar,BOL,crustacean,NA,1,BOL
DTXSID0020280,34.6,3,geomean,ecotox,fish,NA,1,ecotox
DTXSID0020280,34.6,3,quantile,ecotox,fish,NA,1,ecotox
DTXSID0020280,11.99,3,qsar,IRFMN,fish,NA,1,IRFMN
DTXSID0020280,57.57,3,qsar,ECOSAR_BASELINE,fish,NA,1,ECOSAR_BASELINE
DTXSID0020280,0.0000568,3,qsar,BOL,fish,NA,1,BOL
DTXSID0020286,7.709,3,qsar,IRFMN,algae,NA,1,IRFMN
DTXSID0020286,32.38,3,qsar,ECOSAR_BASELINE,algae,NA,1,ECOSAR_BASELINE
DTXSID0020286,0.04564,3,qsar,VAN_LEEUWEN,algae,NA,1,VAN_LEEUWEN
DTXSID0020286,0.713,3,geomean,ecotox,crustacean,NA,1,ecotox
DTXSID0020286,0.63,3,quantile,ecotox,crustacean,NA,1,ecotox
DTXSID0020286,2.814,3,qsar,IRFMN,crustacean,NA,1,IRFMN
DTXSID0020286,39.36,3,qsar,ECOSAR_BASELINE,crustacean,NA,1,ECOSAR_BASELINE
DTXSID0020286,0.00006491,3,qsar,BOL,crustacean,NA,1,BOL
DTXSID0020286,12.13,3,qsar,IRFMN,fish,NA,1,IRFMN
DTXSID0020286,67.67,3,qsar,ECOSAR_BASELINE,fish,NA,1,ECOSAR_BASELINE
DTXSID0020286,0.00006582,3,qsar,BOL,fish,NA,1,BOL
DTXSID0020311,0.04312,3,geomean,ecotox,algae,NA,1,ecotox
DTXSID0020311,0.01,3,quantile,ecotox,algae,NA,1,ecotox
DTXSID0020311,0.7575,3,qsar,IRFMN,algae,NA,1,IRFMN
DTXSID0020311,78.17,3,qsar,ECOSAR_BASELINE,algae,NA,1,ECOSAR_BASELINE
DTXSID0020311,0.1402,3,qsar,VAN_LEEUWEN,algae,NA,1,VAN_LEEUWEN
DTXSID0020311,106,3,geomean,ecotox,crustacean,NA,1,ecotox
DTXSID0020311,106,3,quantile,ecotox,crustacean,NA,1,ecotox
DTXSID0020311,8.256,3,qsar,IRFMN,crustacean,NA,1,IRFMN
DTXSID0020311,108.2,3,qsar,ECOSAR_BASELINE,crustacean,NA,1,ECOSAR_BASELINE
DTXSID0020311,0.0001918,3,qsar,BOL,crustacean,NA,1,BOL
DTXSID0020311,81.27,3,geomean,ecotox,fish,NA,1,ecotox
DTXSID0020311,31.6,3,quantile,ecotox,fish,NA,1,ecotox
DTXSID0020311,11.25,3,qsar,IRFMN,fish,NA,1,IRFMN
DTXSID0020311,192,3,qsar,ECOSAR_BASELINE,fish,NA,1,ECOSAR_BASELINE
DTXSID0020311,0.0001798,3,qsar,BOL,fish,NA,1,BOL
DTXSID0020315,13.43,3,qsar,IRFMN,algae,NA,1,IRFMN
DTXSID0020315,67.45,3,qsar,ECOSAR_BASELINE,algae,NA,1,ECOSAR_BASELINE
DTXSID0020315,0.1236,3,qsar,VAN_LEEUWEN,algae,NA,1,VAN_LEEUWEN
DTXSID0020315,0.08937,3,geomean,ecotox,crustacean,NA,1,ecotox
DTXSID0020315,0.03,3,quantile,ecotox,crustacean,NA,1,ecotox
DTXSID0020315,0.2249,3,qsar,IRFMN,crustacean,NA,1,IRFMN
DTXSID0020315,94.43,3,qsar,ECOSAR_BASELINE,crustacean,NA,1,ECOSAR_BASELINE
DTXSID0020315,0.0001684,3,qsar,BOL,crustacean,NA,1,BOL
DTXSID0020315,0.0298,3,geomean,ecotox,fish,NA,1,ecotox
DTXSID0020315,0.00798,3,quantile,ecotox,fish,NA,1,ecotox
DTXSID0020315,5.409,3,qsar,IRFMN,fish,NA,1,IRFMN
DTXSID0020315,168,3,qsar,ECOSAR_BASELINE,fish,NA,1,ECOSAR_BASELINE
DTXSID0020315,0.0001568,3,qsar,BOL,fish,NA,1,BOL
DTXSID0020319,0.01965,3,geomean,ecotox,algae,NA,1,ecotox
DTXSID0020319,0.000893,3,quantile,ecotox,algae,NA,1,ecotox
DTXSID0020319,0.6839,0,qsar,IRFMN,algae,NA,1,IRFMN
DTXSID0020319,12.71,0,qsar,ECOSAR_BASELINE,algae,NA,1,ECOSAR_BASELINE
DTXSID0020319,0.008941,3,qsar,VAN_LEEUWEN,algae,NA,1,VAN_LEEUWEN
DTXSID0020319,0.1027,3,geomean,ecotox,crustacean,NA,1,ecotox
DTXSID0020319,0.028,3,quantile,ecotox,crustacean,NA,1,ecotox
DTXSID0020319,0.2195,3,qsar,IRFMN,crustacean,NA,1,IRFMN
DTXSID0020319,10.62,0,qsar,ECOSAR_BASELINE,crustacean,NA,1,ECOSAR_BASELINE
DTXSID0020319,0.00001424,3,qsar,BOL,crustacean,NA,1,BOL
DTXSID0020319,0.04897,3,geomean,ecotox,fish,NA,1,ecotox
DTXSID0020319,0.01143,3,quantile,ecotox,fish,NA,1,ecotox
DTXSID0020319,0.4164,3,qsar,IRFMN,fish,NA,1,IRFMN
DTXSID0020319,16.69,0,qsar,ECOSAR_BASELINE,fish,NA,1,ECOSAR_BASELINE
DTXSID0020319,0.00001809,3,qsar,BOL,fish,NA,1,BOL
DTXSID0020440,100,3,geomean,ecotox,algae,NA,0.001,ecotox
DTXSID0020440,100,3,quantile,ecotox,algae,NA,0.001,ecotox
DTXSID0020440,1.067,3,qsar,IRFMN,algae,NA,0.001,IRFMN
DTXSID0020440,10.4,3,qsar,ECOSAR_BASELINE,algae,NA,0.001,ECOSAR_BASELINE
DTXSID0020440,0.007066,3,qsar,VAN_LEEUWEN,algae,NA,0.001,VAN_LEEUWEN
DTXSID0020440,5.809,3,geomean,ecotox,crustacean,NA,0.001,ecotox
DTXSID0020440,5.442,3,quantile,ecotox,crustacean,NA,0.001,ecotox
DTXSID0020440,4.066,3,qsar,IRFMN,crustacean,NA,0.001,IRFMN
DTXSID0020440,8.534,3,qsar,ECOSAR_BASELINE,crustacean,NA,0.001,ECOSAR_BASELINE
DTXSID0020440,0.00001132,3,qsar,BOL,crustacean,NA,0.001,BOL
DTXSID0020440,8.215,3,geomean,ecotox,fish,NA,0.001,ecotox
DTXSID0020440,0.6485,3,quantile,ecotox,fish,NA,0.001,ecotox
DTXSID0020440,2.093,3,qsar,IRFMN,fish,NA,0.001,IRFMN
DTXSID0020440,13.34,3,qsar,ECOSAR_BASELINE,fish,NA,0.001,ECOSAR_BASELINE
DTXSID0020440,0.00001454,3,qsar,BOL,fish,NA,0.001,BOL
DTXSID0020442,1.907,3,geomean,ecotox,algae,NA,0.001,ecotox
DTXSID0020442,0.01075,3,quantile,ecotox,algae,NA,0.001,ecotox
DTXSID0020442,3.715,3,qsar,IRFMN,algae,NA,0.001,IRFMN
DTXSID0020442,20.36,3,qsar,ECOSAR_BASELINE,algae,NA,0.001,ECOSAR_BASELINE
DTXSID0020442,0.01916,3,qsar,VAN_LEEUWEN,algae,NA,0.001,VAN_LEEUWEN
DTXSID0020442,116.5,3,geomean,ecotox,crustacean,NA,0.001,ecotox
DTXSID0020442,10,3,quantile,ecotox,crustacean,NA,0.001,ecotox
DTXSID0020442,7.284,3,qsar,IRFMN,crustacean,NA,0.001,IRFMN
DTXSID0020442,19.91,3,qsar,ECOSAR_BASELINE,crustacean,NA,0.001,ECOSAR_BASELINE
DTXSID0020442,0.0000291,3,qsar,BOL,crustacean,NA,0.001,BOL
DTXSID0020442,64.65,3,geomean,ecotox,fish,NA,0.001,ecotox
DTXSID0020442,3.2,3,quantile,ecotox,fish,NA,0.001,ecotox
DTXSID0020442,2.606,3,qsar,IRFMN,fish,NA,0.001,IRFMN
DTXSID0020442,32.47,3,qsar,ECOSAR_BASELINE,fish,NA,0.001,ECOSAR_BASELINE
DTXSID0020442,0.00003364,3,qsar,BOL,fish,NA,0.001,BOL
DTXSID0020446,0.0352,3,geomean,ecotox,algae,NA,1,ecotox
DTXSID0020446,0.000888,3,quantile,ecotox,algae,NA,1,ecotox
DTXSID0020446,0.9006,3,qsar,IRFMN,algae,NA,1,IRFMN
DTXSID0020446,46.15,2,qsar,ECOSAR_BASELINE,algae,NA,1,ECOSAR_BASELINE
DTXSID0020446,0.06103,3,qsar,VAN_LEEUWEN,algae,NA,1,VAN_LEEUWEN
DTXSID0020446,2.778,3,geomean,ecotox,crustacean,NA,1,ecotox
DTXSID0020446,0.259,3,quantile,ecotox,crustacean,NA,1,ecotox
DTXSID0020446,6.39,3,qsar,IRFMN,crustacean,NA,1,IRFMN
DTXSID0020446,54.2,2,qsar,ECOSAR_BASELINE,crustacean,NA,1,ECOSAR_BASELINE
DTXSID0020446,0.0000877,3,qsar,BOL,crustacean,NA,1,BOL
DTXSID0020446,7.463,3,geomean,ecotox,fish,NA,1,ecotox
DTXSID0020446,2.105,3,quantile,ecotox,fish,NA,1,ecotox
DTXSID0020446,2.182,3,qsar,IRFMN,fish,NA,1,IRFMN
DTXSID0020446,92.42,2,qsar,ECOSAR_BASELINE,fish,NA,1,ECOSAR_BASELINE
DTXSID0020446,0.00009079,3,qsar,BOL,fish,NA,1,BOL
DTXSID0020448,154.6,3,geomean,ecotox,algae,NA,1,ecotox
DTXSID0020448,52.14,3,quantile,ecotox,algae,NA,1,ecotox
DTXSID0020448,67.32,3,qsar,IRFMN,algae,NA,1,IRFMN
DTXSID0020448,38.91,3,qsar,ECOSAR_BASELINE,algae,NA,1,ECOSAR_BASELINE
DTXSID0020448,0.06594,3,qsar,VAN_LEEUWEN,algae,NA,1,VAN_LEEUWEN
DTXSID0020448,44.6,3,geomean,ecotox,crustacean,NA,1,ecotox
DTXSID0020448,18.05,3,quantile,ecotox,crustacean,NA,1,ecotox
DTXSID0020448,7.928,3,qsar,IRFMN,crustacean,NA,1,IRFMN
DTXSID0020448,52.23,3,qsar,ECOSAR_BASELINE,crustacean,NA,1,ECOSAR_BASELINE
DTXSID0020448,0.00009102,3,qsar,BOL,crustacean,NA,1,BOL
DTXSID0020448,148.1,3,geomean,ecotox,fish,NA,1,ecotox
DTXSID0020448,89.69,3,quantile,ecotox,fish,NA,1,ecotox
DTXSID0020448,6.625,3,qsar,IRFMN,fish,NA,1,IRFMN
DTXSID0020448,91.99,3,qsar,ECOSAR_BASELINE,fish,NA,1,ECOSAR_BASELINE
DTXSID0020448,0.00008693,3,qsar,BOL,fish,NA,1,BOL
DTXSID0020498,4.048,3,qsar,IRFMN,algae,NA,1,IRFMN
DTXSID0020498,61.28,2,qsar,ECOSAR_BASELINE,algae,NA,1,ECOSAR_BASELINE
DTXSID0020498,0.09952,3,qsar,VAN_LEEUWEN,algae,NA,1,VAN_LEEUWEN
DTXSID0020498,36.14,2,qsar,IRFMN,crustacean,NA,1,IRFMN
DTXSID0020498,80.4,2,qsar,ECOSAR_BASELINE,crustacean,NA,1,ECOSAR_BASELINE
DTXSID0020498,0.0001383,3,qsar,BOL,crustacean,NA,1,BOL
DTXSID0020498,9.334,3,qsar,IRFMN,fish,NA,1,IRFMN
DTXSID0020498,140.8,2,qsar,ECOSAR_BASELINE,fish,NA,1,ECOSAR_BASELINE
DTXSID0020498,0.0001339,3,qsar,BOL,fish,NA,1,BOL
DTXSID0020523,18.37,3,geomean,ecotox,algae,NA,0.01,ecotox
DTXSID0020523,1.192,3,quantile,ecotox,algae,NA,0.01,ecotox
DTXSID0020523,9.576,3,qsar,IRFMN,algae,NA,0.01,IRFMN
DTXSID0020523,86.55,3,qsar,ECOSAR_BASELINE,algae,NA,0.01,ECOSAR_BASELINE
DTXSID0020523,0.1678,3,qsar,VAN_LEEUWEN,algae,NA,0.01,VAN_LEEUWEN
DTXSID0020523,6.586,3,geomean,ecotox,crustacean,NA,0.01,ecotox
DTXSID0020523,2.336,3,quantile,ecotox,crustacean,NA,0.01,ecotox
DTXSID0020523,5.687,3,qsar,IRFMN,crustacean,NA,0.01,IRFMN
DTXSID0020523,124.9,3,qsar,ECOSAR_BASELINE,crustacean,NA,0.01,ECOSAR_BASELINE
DTXSID0020523,0.0002266,3,qsar,BOL,crustacean,NA,0.01,BOL
DTXSID0020523,12.2,3,geomean,ecotox,fish,NA,0.01,ecotox
DTXSID0020523,0.672,3,quantile,ecotox,fish,NA,0.01,ecotox
DTXSID0020523,6.2,3,qsar,IRFMN,fish,NA,0.01,IRFMN
DTXSID0020523,223.9,3,qsar,ECOSAR_BASELINE,fish,NA,0.01,ECOSAR_BASELINE
DTXSID0020523,0.0002072,3,qsar,BOL,fish,NA,0.01,BOL
DTXSID0020529,1.21,3,geomean,ecotox,algae,NA,1,ecotox
DTXSID0020529,0.122,3,quantile,ecotox,algae,NA,1,ecotox
DTXSID0020529,3.418,3,qsar,IRFMN,algae,NA,1,IRFMN
DTXSID0020529,55.68,3,qsar,ECOSAR_BASELINE,algae,NA,1,ECOSAR_BASELINE
DTXSID0020529,0.08916,3,qsar,VAN_LEEUWEN,algae,NA,1,VAN_LEEUWEN
DTXSID0020529,12.84,3,geomean,ecotox,crustacean,NA,1,ecotox
DTXSID0020529,3.545,3,quantile,ecotox,crustacean,NA,1,ecotox
DTXSID0020529,4.468,3,qsar,IRFMN,crustacean,NA,1,IRFMN
DTXSID0020529,72.5,3,qsar,ECOSAR_BASELINE,crustacean,NA,1,ECOSAR_BASELINE
DTXSID0020529,0.0001242,3,qsar,BOL,crustacean,NA,1,BOL
DTXSID0020529,17.05,3,geomean,ecotox,fish,NA,1,ecotox
DTXSID0020529,6.36,3,quantile,ecotox,fish,NA,1,ecotox
DTXSID0020529,11.22,3,qsar,IRFMN,fish,NA,1,IRFMN
DTXSID0020529,126.7,3,qsar,ECOSAR_BASELINE,fish,NA,1,ECOSAR_BASELINE
DTXSID0020529,0.0001208,3,qsar,BOL,fish,NA,1,BOL
DTXSID0020573,9.6,2,geomean,ecotox,algae,NA,1,ecotox
DTXSID0020573,9.6,2,quantile,ecotox,algae,NA,1,ecotox
DTXSID0020573,0.7162,3,qsar,IRFMN,algae,NA,1,IRFMN
DTXSID0020573,4.226,2,qsar,ECOSAR_BASELINE,algae,NA,1,ECOSAR_BASELINE
DTXSID0020573,0.001798,3,qsar,VAN_LEEUWEN,algae,NA,1,VAN_LEEUWEN
DTXSID0020573,1.583,3,geomean,ecotox,crustacean,NA,1,ecotox
DTXSID0020573,0.383,3,quantile,ecotox,crustacean,NA,1,ecotox
DTXSID0020573,6.681,2,qsar,IRFMN,crustacean,NA,1,IRFMN
DTXSID0020573,2.695,3,qsar,ECOSAR_BASELINE,crustacean,NA,1,ECOSAR_BASELINE
DTXSID0020573,0.000003107,3,qsar,BOL,crustacean,NA,1,BOL
DTXSID0020573,0.1269,3,geomean,ecotox,fish,NA,1,ecotox
DTXSID0020573,0.03,3,quantile,ecotox,fish,NA,1,ecotox
DTXSID0020573,3.441,3,qsar,IRFMN,fish,NA,1,IRFMN
DTXSID0020573,3.964,2,qsar,ECOSAR_BASELINE,fish,NA,1,ECOSAR_BASELINE
DTXSID0020573,0.000004649,3,qsar,BOL,fish,NA,1,BOL
DTXSID0020652,34.02,3,geomean,ecotox,algae,NA,0.001,ecotox
DTXSID0020652,9.379,3,quantile,ecotox,algae,NA,0.001,ecotox
DTXSID0020652,1.158,3,qsar,IRFMN,algae,NA,0.001,IRFMN
DTXSID0020652,4.207,3,qsar,ECOSAR_BASELINE,algae,NA,0.001,ECOSAR_BASELINE
DTXSID0020652,0.001854,3,qsar,VAN_LEEUWEN,algae,NA,0.001,VAN_LEEUWEN
DTXSID0020652,53.46,3,geomean,ecotox,crustacean,NA,0.001,ecotox
DTXSID0020652,14.76,3,quantile,ecotox,crustacean,NA,0.001,ecotox
DTXSID0020652,1.143,3,qsar,IRFMN,crustacean,NA,0.001,IRFMN
DTXSID0020652,2.734,3,qsar,ECOSAR_BASELINE,crustacean,NA,0.001,ECOSAR_BASELINE
DTXSID0020652,0.000003186,3,qsar,BOL,crustacean,NA,0.001,BOL
DTXSID0020652,1.921,3,qsar,IRFMN,fish,NA,0.001,IRFMN
DTXSID0020652,4.04,3,qsar,ECOSAR_BASELINE,fish,NA,0.001,ECOSAR_BASELINE
DTXSID0020652,0.000004712,3,qsar,BOL,fish,NA,0.001,BOL
DTXSID0020656,104.1,3,geomean,ecotox,algae,NA,0.001,ecotox
DTXSID0020656,104.1,3,quantile,ecotox,algae,NA,0.001,ecotox
DTXSID0020656,18.01,3,qsar,IRFMN,algae,NA,0.001,IRFMN
DTXSID0020656,2052,3,qsar,ECOSAR_BASELINE,algae,NA,0.001,ECOSAR_BASELINE
DTXSID0020656,12.28,3,qsar,VAN_LEEUWEN,algae,NA,0.001,VAN_LEEUWEN
DTXSID0020656,27.94,3,geomean,ecotox,crustacean,NA,0.001,ecotox
DTXSID0020656,10.68,3,quantile,ecotox,crustacean,NA,0.001,ecotox
DTXSID0020656,60.15,3,qsar,IRFMN,crustacean,NA,0.001,IRFMN
DTXSID0020656,5436,2,qsar,ECOSAR_BASELINE,crustacean,NA,0.001,ECOSAR_BASELINE
DTXSID0020656,0.01381,3,qsar,BOL,crustacean,NA,0.001,BOL
DTXSID0020656,150,3,geomean,ecotox,fish,NA,0.001,ecotox
DTXSID0020656,150,3,quantile,ecotox,fish,NA,0.001,ecotox
DTXSID0020656,5.737,3,qsar,IRFMN,fish,NA,0.001,IRFMN
DTXSID0020656,11280,2,qsar,ECOSAR_BASELINE,fish,NA,0.001,ECOSAR_BASELINE
DTXSID0020656,0.008755,3,qsar,BOL,fish,NA,0.001,BOL
DTXSID0020737,10,3,geomean,ecotox,algae,NA,1,ecotox
DTXSID0020737,10,3,quantile,ecotox,algae,NA,1,ecotox
DTXSID0020737,30.29,3,qsar,IRFMN,algae,NA,1,IRFMN
DTXSID0020737,29.1,3,qsar,ECOSAR_BASELINE,algae,NA,1,ECOSAR_BASELINE
DTXSID0020737,0.0425,3,qsar,VAN_LEEUWEN,algae,NA,1,VAN_LEEUWEN
DTXSID0020737,1,3,geomean,ecotox,crustacean,NA,1,ecotox
DTXSID0020737,1,3,quantile,ecotox,crustacean,NA,1,ecotox
DTXSID0020737,9.736,3,qsar,IRFMN,crustacean,NA,1,IRFMN
DTXSID0020737,36.06,3,qsar,ECOSAR_BASELINE,crustacean,NA,1,ECOSAR_BASELINE
DTXSID0020737,0.0000601,3,qsar,BOL,crustacean,NA,1,BOL
DTXSID0020737,25.29,3,qsar,IRFMN,fish,NA,1,IRFMN
DTXSID0020737,62.29,3,qsar,ECOSAR_BASELINE,fish,NA,1,ECOSAR_BASELINE
DTXSID0020737,0.00006024,3,qsar,BOL,fish,NA,1,BOL
DTXSID00207577,1.974,2,qsar,IRFMN,algae,NA,1,IRFMN
DTXSID00207577,40.63,2,qsar,ECOSAR_BASELINE,algae,NA,1,ECOSAR_BASELINE
DTXSID00207577,0.04375,3,qsar,VAN_LEEUWEN,algae,NA,1,VAN_LEEUWEN
DTXSID00207577,3.723,2,qsar,IRFMN,crustacean,NA,1,IRFMN
DTXSID00207577,42.72,2,qsar,ECOSAR_BASELINE,crustacean,NA,1,ECOSAR_BASELINE
DTXSID00207577,0.000065,3,qsar,BOL,crustacean,NA,1,BOL
DTXSID00207577,4.737,2,qsar,IRFMN,fish,NA,1,IRFMN
DTXSID00207577,70.92,2,qsar,ECOSAR_BASELINE,fish,NA,1,ECOSAR_BASELINE
DTXSID00207577,0.00007193,3,qsar,BOL,fish,NA,1,BOL
DTXSID0020810,17.63,3,qsar,IRFMN,algae,NA,1,IRFMN
DTXSID0020810,793.5,3,qsar,ECOSAR_BASELINE,algae,NA,1,ECOSAR_BASELINE
DTXSID0020810,4.486,3,qsar,VAN_LEEUWEN,algae,NA,1,VAN_LEEUWEN
DTXSID0020810,54.5,3,geomean,ecotox,crustacean,NA,1,ecotox
DTXSID0020810,54.5,3,quantile,ecotox,crustacean,NA,1,ecotox
DTXSID0020810,6.636,3,qsar,IRFMN,crustacean,NA,1,IRFMN
DTXSID0020810,2038,3,qsar,ECOSAR_BASELINE,crustacean,NA,1,ECOSAR_BASELINE
DTXSID0020810,0.005092,3,qsar,BOL,crustacean,NA,1,BOL
DTXSID0020810,22.31,3,qsar,IRFMN,fish,NA,1,IRFMN
DTXSID0020810,4200,3,qsar,ECOSAR_BASELINE,fish,NA,1,ECOSAR_BASELINE
DTXSID0020810,0.003288,3,qsar,BOL,fish,NA,1,BOL
DTXSID0020814,0.125,3,qsar,IRFMN,algae,NA,1,IRFMN
DTXSID0020814,4.448,2,qsar,ECOSAR_BASELINE,algae,NA,1,ECOSAR_BASELINE
DTXSID0020814,0.001827,3,qsar,VAN_LEEUWEN,algae,NA,1,VAN_LEEUWEN
DTXSID0020814,3.031,2,qsar,IRFMN,crustacean,NA,1,IRFMN
DTXSID0020814,2.782,2,qsar,ECOSAR_BASELINE,crustacean,NA,1,ECOSAR_BASELINE
DTXSID0020814,0.000003174,3,qsar,BOL,crustacean,NA,1,BOL
DTXSID0020814,0.953,3,qsar,IRFMN,fish,NA,1,IRFMN
DTXSID0020814,4.074,2,qsar,ECOSAR_BASELINE,fish,NA,1,ECOSAR_BASELINE
DTXSID0020814,0.000004804,3,qsar,BOL,fish,NA,1,BOL
DTXSID0020868,207.5,3,geomean,ecotox,algae,NA,1,ecotox
DTXSID0020868,21.85,3,quantile,ecotox,algae,NA,1,ecotox
DTXSID0020868,9.734,3,qsar,IRFMN,algae,NA,1,IRFMN
DTXSID0020868,132.6,3,qsar,ECOSAR_BASELINE,algae,NA,1,ECOSAR_BASELINE
DTXSID0020868,0.4406,3,qsar,VAN_LEEUWEN,algae,NA,1,VAN_LEEUWEN
DTXSID0020868,426.9,3,geomean,ecotox,crustacean,NA,1,ecotox
DTXSID0020868,127.6,3,quantile,ecotox,crustacean,NA,1,ecotox
DTXSID0020868,13,3,qsar,IRFMN,crustacean,NA,1,IRFMN
DTXSID0020868,255.8,3,qsar,ECOSAR_BASELINE,crustacean,NA,1,ECOSAR_BASELINE
DTXSID0020868,0.0005452,3,qsar,BOL,crustacean,NA,1,BOL
DTXSID0020868,239.2,3,geomean,ecotox,fish,NA,1,ecotox
DTXSID0020868,36.71,3,quantile,ecotox,fish,NA,1,ecotox
DTXSID0020868,11.02,3,qsar,IRFMN,fish,NA,1,IRFMN
DTXSID0020868,491.9,3,qsar,ECOSAR_BASELINE,fish,NA,1,ECOSAR_BASELINE
DTXSID0020868,0.0004183,3,qsar,BOL,fish,NA,1,BOL
DTXSID00209516,2.011,3,qsar,IRFMN,algae,NA,1,IRFMN
DTXSID00209516,62.18,3,qsar,ECOSAR_BASELINE,algae,NA,1,ECOSAR_BASELINE
DTXSID00209516,0.1107,3,qsar,VAN_LEEUWEN,algae,NA,1,VAN_LEEUWEN
DTXSID00209516,22.61,3,qsar,IRFMN,crustacean,NA,1,IRFMN
DTXSID00209516,85.73,3,qsar,ECOSAR_BASELINE,crustacean,NA,1,ECOSAR_BASELINE
DTXSID00209516,0.0001516,3,qsar,BOL,crustacean,NA,1,BOL
DTXSID00209516,7.486,3,qsar,IRFMN,fish,NA,1,IRFMN
DTXSID00209516,152,3,qsar,ECOSAR_BASELINE,fish,NA,1,ECOSAR_BASELINE
DTXSID00209516,0.0001425,3,qsar,BOL,fish,NA,1,BOL
DTXSID0021096,1.1,3,qsar,IRFMN,algae,NA,1,IRFMN
DTXSID0021096,26.92,3,qsar,ECOSAR_BASELINE,algae,NA,1,ECOSAR_BASELINE
DTXSID0021096,0.02701,3,qsar,VAN_LEEUWEN,algae,NA,1,VAN_LEEUWEN
DTXSID0021096,4.693,3,qsar,IRFMN,crustacean,NA,1,IRFMN
DTXSID0021096,27.25,3,qsar,ECOSAR_BASELINE,crustacean,NA,1,ECOSAR_BASELINE
DTXSID0021096,0.00004059,3,qsar,BOL,crustacean,NA,1,BOL
DTXSID0021096,2.41,3,qsar,IRFMN,fish,NA,1,IRFMN
DTXSID0021096,44.82,3,qsar,ECOSAR_BASELINE,fish,NA,1,ECOSAR_BASELINE
DTXSID0021096,0.00004597,3,qsar,BOL,fish,NA,1,BOL
DTXSID00210965,0.7206,3,qsar,IRFMN,algae,NA,1,IRFMN
DTXSID00210965,0.2102,3,qsar,ECOSAR_BASELINE,algae,NA,1,ECOSAR_BASELINE
DTXSID00210965,0.00002092,3,qsar,VAN_LEEUWEN,algae,NA,1,VAN_LEEUWEN
DTXSID00210965,0.7771,3,qsar,IRFMN,crustacean,NA,1,IRFMN
DTXSID00210965,0.06127,3,qsar,ECOSAR_BASELINE,crustacean,NA,1,ECOSAR_BASELINE
DTXSID00210965,0.00000004576,3,qsar,BOL,crustacean,NA,1,BOL
DTXSID00210965,0.7716,3,qsar,IRFMN,fish,NA,1,IRFMN
DTXSID00210965,0.07459,3,qsar,ECOSAR_BASELINE,fish,NA,1,ECOSAR_BASELINE
DTXSID00210965,0.0000001098,3,qsar,BOL,fish,NA,1,BOL
DTXSID0021125,41.33,3,geomean,ecotox,algae,NA,0.98,ecotox
DTXSID0021125,18.36,3,quantile,ecotox,algae,NA,0.98,ecotox
DTXSID0021125,0.6297,3,qsar,IRFMN,algae,NA,0.98,IRFMN
DTXSID0021125,17.79,3,qsar,ECOSAR_BASELINE,algae,NA,0.98,ECOSAR_BASELINE
DTXSID0021125,0.01334,3,qsar,VAN_LEEUWEN,algae,NA,0.98,VAN_LEEUWEN
DTXSID0021125,6.957,3,geomean,ecotox,crustacean,NA,0.98,ecotox
DTXSID0021125,6.72,3,quantile,ecotox,crustacean,NA,0.98,ecotox
DTXSID0021125,9.447,3,qsar,IRFMN,crustacean,NA,0.98,IRFMN
DTXSID0021125,15.4,3,qsar,ECOSAR_BASELINE,crustacean,NA,0.98,ECOSAR_BASELINE
DTXSID0021125,0.00002103,3,qsar,BOL,crustacean,NA,0.98,BOL
DTXSID0021125,1.399,3,qsar,IRFMN,fish,NA,0.98,IRFMN
DTXSID0021125,24.38,3,qsar,ECOSAR_BASELINE,fish,NA,0.98,ECOSAR_BASELINE
DTXSID0021125,0.00002617,3,qsar,BOL,fish,NA,0.98,BOL
DTXSID0021179,5.552,3,qsar,IRFMN,algae,NA,0.01,IRFMN
DTXSID0021179,336.3,3,qsar,ECOSAR_BASELINE,algae,NA,0.01,ECOSAR_BASELINE
DTXSID0021179,1.012,3,qsar,VAN_LEEUWEN,algae,NA,0.01,VAN_LEEUWEN
DTXSID0021179,367.4,3,qsar,IRFMN,crustacean,NA,0.01,IRFMN
DTXSID0021179,615.1,3,qsar,ECOSAR_BASELINE,crustacean,NA,0.01,ECOSAR_BASELINE
DTXSID0021179,0.001272,3,qsar,BOL,crustacean,NA,0.01,BOL
DTXSID0021179,4.412,3,qsar,IRFMN,fish,NA,0.01,IRFMN
DTXSID0021179,1167,3,qsar,ECOSAR_BASELINE,fish,NA,0.01,ECOSAR_BASELINE
DTXSID0021179,0.001008,3,qsar,BOL,fish,NA,0.01,BOL
DTXSID0021256,2.794,3,qsar,IRFMN,algae,NA,0.001,IRFMN
DTXSID0021256,12.27,2,qsar,ECOSAR_BASELINE,algae,NA,0.001,ECOSAR_BASELINE
DTXSID0021256,0.007079,3,qsar,VAN_LEEUWEN,algae,NA,0.001,VAN_LEEUWEN
DTXSID0021256,1.738,3,qsar,IRFMN,crustacean,NA,0.001,IRFMN
DTXSID0021256,9.217,2,qsar,ECOSAR_BASELINE,crustacean,NA,0.001,ECOSAR_BASELINE
DTXSID0021256,0.00001164,3,qsar,BOL,crustacean,NA,0.001,BOL
DTXSID0021256,2.009,3,qsar,IRFMN,fish,NA,0.001,IRFMN
DTXSID0021256,14.11,2,qsar,ECOSAR_BASELINE,fish,NA,0.001,ECOSAR_BASELINE
DTXSID0021256,0.00001577,3,qsar,BOL,fish,NA,0.001,BOL
DTXSID0021333,1,3,geomean,ecotox,algae,NA,1,ecotox
DTXSID0021333,1,3,quantile,ecotox,algae,NA,1,ecotox
DTXSID0021333,3.804,3,qsar,IRFMN,algae,NA,1,IRFMN
DTXSID0021333,227.7,2,qsar,ECOSAR_BASELINE,algae,NA,1,ECOSAR_BASELINE
DTXSID0021333,0.6428,3,qsar,VAN_LEEUWEN,algae,NA,1,VAN_LEEUWEN
DTXSID0021333,2.9,3,geomean,ecotox,crustacean,NA,1,ecotox
DTXSID0021333,2.9,3,quantile,ecotox,crustacean,NA,1,ecotox
DTXSID0021333,23.88,3,qsar,IRFMN,crustacean,NA,1,IRFMN
DTXSID0021333,402.4,2,qsar,ECOSAR_BASELINE,crustacean,NA,1,ECOSAR_BASELINE
DTXSID0021333,0.0008168,3,qsar,BOL,crustacean,NA,1,BOL
DTXSID0021333,5.3,3,geomean,ecotox,fish,NA,1,ecotox
DTXSID0021333,5.3,3,quantile,ecotox,fish,NA,1,ecotox
DTXSID0021333,9.328,3,qsar,IRFMN,fish,NA,1,IRFMN
DTXSID0021333,757.4,2,qsar,ECOSAR_BASELINE,fish,NA,1,ECOSAR_BASELINE
DTXSID0021333,0.0006608,3,qsar,BOL,fish,NA,1,BOL
DTXSID0021337,2.114,3,qsar,IRFMN,algae,NA,1,IRFMN
DTXSID0021337,50.78,2,qsar,ECOSAR_BASELINE,algae,NA,1,ECOSAR_BASELINE
DTXSID0021337,0.07469,3,qsar,VAN_LEEUWEN,algae,NA,1,VAN_LEEUWEN
DTXSID0021337,0.9059,3,geomean,ecotox,crustacean,NA,1,ecotox
DTXSID0021337,0.3093,3,quantile,ecotox,crustacean,NA,1,ecotox
DTXSID0021337,5.798,3,qsar,IRFMN,crustacean,NA,1,IRFMN
DTXSID0021337,63.16,2,qsar,ECOSAR_BASELINE,crustacean,NA,1,ECOSAR_BASELINE
DTXSID0021337,0.0001055,3,qsar,BOL,crustacean,NA,1,BOL
DTXSID0021337,10.23,3,geomean,ecotox,fish,NA,1,ecotox
DTXSID0021337,1.8,3,quantile,ecotox,fish,NA,1,ecotox
DTXSID0021337,5.597,3,qsar,IRFMN,fish,NA,1,IRFMN
DTXSID0021337,109.2,2,qsar,ECOSAR_BASELINE,fish,NA,1,ECOSAR_BASELINE
DTXSID0021337,0.0001055,3,qsar,BOL,fish,NA,1,BOL
DTXSID0021381,91.3,3,geomean,ecotox,algae,NA,1,ecotox
DTXSID0021381,0.3422,3,quantile,ecotox,algae,NA,1,ecotox
DTXSID0021381,6.951,3,qsar,IRFMN,algae,NA,1,IRFMN
DTXSID0021381,22.37,3,qsar,ECOSAR_BASELINE,algae,NA,1,ECOSAR_BASELINE
DTXSID0021381,0.02756,3,qsar,VAN_LEEUWEN,algae,NA,1,VAN_LEEUWEN
DTXSID0021381,56.68,3,geomean,ecotox,crustacean,NA,1,ecotox
DTXSID0021381,6.074,3,quantile,ecotox,crustacean,NA,1,ecotox
DTXSID0021381,10.24,3,qsar,IRFMN,crustacean,NA,1,IRFMN
DTXSID0021381,25.3,3,qsar,ECOSAR_BASELINE,crustacean,NA,1,ECOSAR_BASELINE
DTXSID0021381,0.00004007,3,qsar,BOL,crustacean,NA,1,BOL
DTXSID0021381,78.62,3,geomean,ecotox,fish,NA,1,ecotox
DTXSID0021381,21.12,3,quantile,ecotox,fish,NA,1,ecotox
DTXSID0021381,19.36,3,qsar,IRFMN,fish,NA,1,IRFMN
DTXSID0021381,42.74,3,qsar,ECOSAR_BASELINE,fish,NA,1,ECOSAR_BASELINE
DTXSID0021381,0.00004245,3,qsar,BOL,fish,NA,1,BOL
DTXSID0021383,105.3,3,geomean,ecotox,algae,NA,1,ecotox
DTXSID0021383,0.095,3,quantile,ecotox,algae,NA,1,ecotox
DTXSID0021383,87.48,3,qsar,IRFMN,algae,NA,1,IRFMN
DTXSID0021383,21.34,3,qsar,ECOSAR_BASELINE,algae,NA,1,ECOSAR_BASELINE
DTXSID0021383,0.02592,3,qsar,VAN_LEEUWEN,algae,NA,1,VAN_LEEUWEN
DTXSID0021383,46.63,3,geomean,ecotox,crustacean,NA,1,ecotox
DTXSID0021383,17,3,quantile,ecotox,crustacean,NA,1,ecotox
DTXSID0021383,6.977,3,qsar,IRFMN,crustacean,NA,1,IRFMN
DTXSID0021383,23.94,3,qsar,ECOSAR_BASELINE,crustacean,NA,1,ECOSAR_BASELINE
DTXSID0021383,0.00003777,3,qsar,BOL,crustacean,NA,1,BOL
DTXSID0021383,54.61,3,geomean,ecotox,fish,NA,1,ecotox
DTXSID0021383,9.21,3,quantile,ecotox,fish,NA,1,ecotox
DTXSID0021383,19.3,3,qsar,IRFMN,fish,NA,1,IRFMN
DTXSID0021383,40.38,3,qsar,ECOSAR_BASELINE,fish,NA,1,ECOSAR_BASELINE
DTXSID0021383,0.00004019,3,qsar,BOL,fish,NA,1,BOL
DTXSID0021385,0.3013,3,geomean,ecotox,algae,NA,1,ecotox
DTXSID0021385,0.0656,3,quantile,ecotox,algae,NA,1,ecotox
DTXSID0021385,0.6171,3,qsar,IRFMN,algae,NA,1,IRFMN
DTXSID0021385,30.03,0,qsar,ECOSAR_BASELINE,algae,NA,1,ECOSAR_BASELINE
DTXSID0021385,0.02949,3,qsar,VAN_LEEUWEN,algae,NA,1,VAN_LEEUWEN
DTXSID0021385,0.9874,0,geomean,ecotox,crustacean,NA,1,ecotox
DTXSID0021385,0.0525,3,quantile,ecotox,crustacean,NA,1,ecotox
DTXSID0021385,0.4071,3,qsar,IRFMN,crustacean,NA,1,IRFMN
DTXSID0021385,30.05,0,qsar,ECOSAR_BASELINE,crustacean,NA,1,ECOSAR_BASELINE
DTXSID0021385,0.00004448,3,qsar,BOL,crustacean,NA,1,BOL
DTXSID0021385,0.1263,3,geomean,ecotox,fish,NA,1,ecotox
DTXSID0021385,0.02587,3,quantile,ecotox,fish,NA,1,ecotox
DTXSID0021385,0.569,3,qsar,IRFMN,fish,NA,1,IRFMN
DTXSID0021385,49.29,0,qsar,ECOSAR_BASELINE,fish,NA,1,ECOSAR_BASELINE
DTXSID0021385,0.00005072,3,qsar,BOL,fish,NA,1,BOL
DTXSID0021387,24,3,geomean,ecotox,algae,NA,0.001,ecotox
DTXSID0021387,24,3,quantile,ecotox,algae,NA,0.001,ecotox
DTXSID0021387,0.7378,3,qsar,IRFMN,algae,NA,0.001,IRFMN
DTXSID0021387,4.578,3,qsar,ECOSAR_BASELINE,algae,NA,0.001,ECOSAR_BASELINE
DTXSID0021387,0.002033,3,qsar,VAN_LEEUWEN,algae,NA,0.001,VAN_LEEUWEN
DTXSID0021387,52.42,3,geomean,ecotox,crustacean,NA,0.001,ecotox
DTXSID0021387,27.9,3,quantile,ecotox,crustacean,NA,0.001,ecotox
DTXSID0021387,0.2679,3,qsar,IRFMN,crustacean,NA,0.001,IRFMN
DTXSID0021387,2.987,3,qsar,ECOSAR_BASELINE,crustacean,NA,0.001,ECOSAR_BASELINE
DTXSID0021387,0.000003488,3,qsar,BOL,crustacean,NA,0.001,BOL
DTXSID0021387,16.79,3,geomean,ecotox,fish,NA,0.001,ecotox
DTXSID0021387,0.875,3,quantile,ecotox,fish,NA,0.001,ecotox
DTXSID0021387,1.15,3,qsar,IRFMN,fish,NA,0.001,IRFMN
DTXSID0021387,4.418,3,qsar,ECOSAR_BASELINE,fish,NA,0.001,ECOSAR_BASELINE
DTXSID0021387,0.000005147,3,qsar,BOL,fish,NA,0.001,BOL
DTXSID0021389,80.56,3,geomean,ecotox,algae,NA,1,ecotox
DTXSID0021389,41.76,3,quantile,ecotox,algae,NA,1,ecotox
DTXSID0021389,31.45,3,qsar,IRFMN,algae,NA,1,IRFMN
DTXSID0021389,911.2,3,qsar,ECOSAR_BASELINE,algae,NA,1,ECOSAR_BASELINE
DTXSID0021389,4.346,3,qsar,VAN_LEEUWEN,algae,NA,1,VAN_LEEUWEN
DTXSID0021389,0.03587,3,geomean,ecotox,crustacean,NA,1,ecotox
DTXSID0021389,0.00015,3,quantile,ecotox,crustacean,NA,1,ecotox
DTXSID0021389,55.99,3,qsar,IRFMN,crustacean,NA,1,IRFMN
DTXSID0021389,2136,3,qsar,ECOSAR_BASELINE,crustacean,NA,1,ECOSAR_BASELINE
DTXSID0021389,0.005071,3,qsar,BOL,crustacean,NA,1,BOL
DTXSID0021389,5.823,3,geomean,ecotox,fish,NA,1,ecotox
DTXSID0021389,0.3885,3,quantile,ecotox,fish,NA,1,ecotox
DTXSID0021389,5.352,3,qsar,IRFMN,fish,NA,1,IRFMN
DTXSID0021389,4305,3,qsar,ECOSAR_BASELINE,fish,NA,1,ECOSAR_BASELINE
DTXSID0021389,0.00346,3,qsar,BOL,fish,NA,1,BOL
DTXSID0021414,0.9088,3,qsar,IRFMN,algae,NA,1,IRFMN
DTXSID0021414,0.0153,3,qsar,ECOSAR_BASELINE,algae,NA,1,ECOSAR_BASELINE
DTXSID0021414,0.0000004344,3,qsar,VAN_LEEUWEN,algae,NA,1,VAN_LEEUWEN
DTXSID0021414,0.6135,3,qsar,IRFMN,crustacean,NA,1,IRFMN
DTXSID0021414,0.00227,3,qsar,ECOSAR_BASELINE,crustacean,NA,1,ECOSAR_BASELINE
DTXSID0021414,0.000000001165,3,qsar,BOL,crustacean,NA,1,BOL
DTXSID0021414,1.124,2,qsar,IRFMN,fish,NA,1,IRFMN
DTXSID0021414,0.002346,3,qsar,ECOSAR_BASELINE,fish,NA,1,ECOSAR_BASELINE
DTXSID0021414,0.000000004201,3,qsar,BOL,fish,NA,1,BOL
DTXSID0021460,8.174,3,qsar,IRFMN,algae,NA,0.93,IRFMN
DTXSID0021460,23.18,3,qsar,ECOSAR_BASELINE,algae,NA,0.93,ECOSAR_BASELINE
DTXSID0021460,0.01962,3,qsar,VAN_LEEUWEN,algae,NA,0.93,VAN_LEEUWEN
DTXSID0021460,5.123,3,geomean,ecotox,crustacean,NA,0.93,ecotox
DTXSID0021460,5.123,3,quantile,ecotox,crustacean,NA,0.93,ecotox
DTXSID0021460,0.167,3,qsar,IRFMN,crustacean,NA,0.93,IRFMN
DTXSID0021460,21.41,3,qsar,ECOSAR_BASELINE,crustacean,NA,0.93,ECOSAR_BASELINE
DTXSID0021460,0.00003031,3,qsar,BOL,crustacean,NA,0.93,BOL
DTXSID0021460,3.708,3,qsar,IRFMN,fish,NA,0.93,IRFMN
DTXSID0021460,34.44,3,qsar,ECOSAR_BASELINE,fish,NA,0.93,ECOSAR_BASELINE
DTXSID0021460,0.00003628,3,qsar,BOL,fish,NA,0.93,BOL
DTXSID0021464,18.5,3,qsar,IRFMN,algae,NA,0.07,IRFMN
DTXSID0021464,308.3,2,qsar,ECOSAR_BASELINE,algae,NA,0.07,ECOSAR_BASELINE
DTXSID0021464,1.267,3,qsar,VAN_LEEUWEN,algae,NA,0.07,VAN_LEEUWEN
DTXSID0021464,0.4708,3,qsar,IRFMN,crustacean,NA,0.07,IRFMN
DTXSID0021464,666.9,2,qsar,ECOSAR_BASELINE,crustacean,NA,0.07,ECOSAR_BASELINE
DTXSID0021464,0.001515,3,qsar,BOL,crustacean,NA,0.07,BOL
DTXSID0021464,18.2,3,qsar,IRFMN,fish,NA,0.07,IRFMN
DTXSID0021464,1318,2,qsar,ECOSAR_BASELINE,fish,NA,0.07,ECOSAR_BASELINE
DTXSID0021464,0.001085,3,qsar,BOL,fish,NA,0.07,BOL
DTXSID00214802,1.384,0,qsar,IRFMN,algae,NA,1,IRFMN
DTXSID00214802,0.1685,0,qsar,ECOSAR_BASELINE,algae,NA,1,ECOSAR_BASELINE
DTXSID00214802,0.00001366,3,qsar,VAN_LEEUWEN,algae,NA,1,VAN_LEEUWEN
DTXSID00214802,0.5693,0,qsar,IRFMN,crustacean,NA,1,IRFMN
DTXSID00214802,0.04399,3,qsar,ECOSAR_BASELINE,crustacean,NA,1,ECOSAR_BASELINE
DTXSID00214802,0.00000003089,3,qsar,BOL,crustacean,NA,1,BOL
DTXSID00214802,1.148,0,qsar,IRFMN,fish,NA,1,IRFMN
DTXSID00214802,0.05213,3,qsar,ECOSAR_BASELINE,fish,NA,1,ECOSAR_BASELINE
DTXSID00214802,0.00000007922,3,qsar,BOL,fish,NA,1,BOL
DTXSID0021541,2.108,3,qsar,IRFMN,algae,NA,1,IRFMN
DTXSID0021541,98.7,3,qsar,ECOSAR_BASELINE,algae,NA,1,ECOSAR_BASELINE
DTXSID0021541,0.3622,3,qsar,VAN_LEEUWEN,algae,NA,1,VAN_LEEUWEN
DTXSID0021541,7.062,3,qsar,IRFMN,crustacean,NA,1,IRFMN
DTXSID0021541,200.9,3,qsar,ECOSAR_BASELINE,crustacean,NA,1,ECOSAR_BASELINE
DTXSID0021541,0.000441,3,qsar,BOL,crustacean,NA,1,BOL
DTXSID0021541,511.3,3,geomean,ecotox,fish,NA,1,ecotox
DTXSID0021541,298,3,quantile,ecotox,fish,NA,1,ecotox
DTXSID0021541,1.837,3,qsar,IRFMN,fish,NA,1,IRFMN
DTXSID0021541,391.2,3,qsar,ECOSAR_BASELINE,fish,NA,1,ECOSAR_BASELINE
DTXSID0021541,0.0003276,3,qsar,BOL,fish,NA,1,BOL
DTXSID0021830,53.88,3,qsar,IRFMN,algae,NA,1,IRFMN
DTXSID0021830,181.9,3,qsar,ECOSAR_BASELINE,algae,NA,1,ECOSAR_BASELINE
DTXSID0021830,0.5631,3,qsar,VAN_LEEUWEN,algae,NA,1,VAN_LEEUWEN
DTXSID0021830,12.61,3,qsar,IRFMN,crustacean,NA,1,IRFMN
DTXSID0021830,337.8,3,qsar,ECOSAR_BASELINE,crustacean,NA,1,ECOSAR_BASELINE
DTXSID0021830,0.0007048,3,qsar,BOL,crustacean,NA,1,BOL
DTXSID0021830,382,3,geomean,ecotox,fish,NA,1,ecotox
DTXSID0021830,382,3,quantile,ecotox,fish,NA,1,ecotox
DTXSID0021830,24.1,3,qsar,IRFMN,fish,NA,1,IRFMN
DTXSID0021830,643.5,3,qsar,ECOSAR_BASELINE,fish,NA,1,ECOSAR_BASELINE
DTXSID0021830,0.0005534,3,qsar,BOL,fish,NA,1,BOL
DTXSID0021834,7.255,3,geomean,ecotox,algae,NA,0.33,ecotox
DTXSID0021834,1.823,3,quantile,ecotox,algae,NA,0.33,ecotox
DTXSID0021834,39.7,3,qsar,IRFMN,algae,NA,0.33,IRFMN
DTXSID0021834,58.49,3,qsar,ECOSAR_BASELINE,algae,NA,0.33,ECOSAR_BASELINE
DTXSID0021834,0.1079,3,qsar,VAN_LEEUWEN,algae,NA,0.33,VAN_LEEUWEN
DTXSID0021834,10.48,3,geomean,ecotox,crustacean,NA,0.33,ecotox
DTXSID0021834,3.18,3,quantile,ecotox,crustacean,NA,0.33,ecotox
DTXSID0021834,4.821,3,qsar,IRFMN,crustacean,NA,0.33,IRFMN
DTXSID0021834,82.2,3,qsar,ECOSAR_BASELINE,crustacean,NA,0.33,ECOSAR_BASELINE
DTXSID0021834,0.0001469,3,qsar,BOL,crustacean,NA,0.33,BOL
DTXSID0021834,22.78,3,geomean,ecotox,fish,NA,0.33,ecotox
DTXSID0021834,6.74,3,quantile,ecotox,fish,NA,0.33,ecotox
DTXSID0021834,48.2,3,qsar,IRFMN,fish,NA,0.33,IRFMN
DTXSID0021834,146.4,3,qsar,ECOSAR_BASELINE,fish,NA,0.33,ECOSAR_BASELINE
DTXSID0021834,0.0001365,3,qsar,BOL,fish,NA,0.33,BOL
DTXSID0021961,3.33,3,qsar,IRFMN,algae,NA,1,IRFMN
DTXSID0021961,7.126,3,qsar,ECOSAR_BASELINE,algae,NA,1,ECOSAR_BASELINE
DTXSID0021961,0.004573,3,qsar,VAN_LEEUWEN,algae,NA,1,VAN_LEEUWEN
DTXSID0021961,1.459,3,geomean,ecotox,crustacean,NA,1,ecotox
DTXSID0021961,0.646,3,quantile,ecotox,crustacean,NA,1,ecotox
DTXSID0021961,0.4171,3,qsar,IRFMN,crustacean,NA,1,IRFMN
DTXSID0021961,5.67,3,qsar,ECOSAR_BASELINE,crustacean,NA,1,ECOSAR_BASELINE
DTXSID0021961,0.000007392,3,qsar,BOL,crustacean,NA,1,BOL
DTXSID0021961,14.21,3,geomean,ecotox,fish,NA,1,ecotox
DTXSID0021961,12.05,3,quantile,ecotox,fish,NA,1,ecotox
DTXSID0021961,5.069,3,qsar,IRFMN,fish,NA,1,IRFMN
DTXSID0021961,8.799,3,qsar,ECOSAR_BASELINE,fish,NA,1,ECOSAR_BASELINE
DTXSID0021961,0.000009677,3,qsar,BOL,fish,NA,1,BOL
DTXSID0021965,4.624,3,geomean,ecotox,algae,NA,1,ecotox
DTXSID0021965,1.015,3,quantile,ecotox,algae,NA,1,ecotox
DTXSID0021965,2.805,3,qsar,IRFMN,algae,NA,1,IRFMN
DTXSID0021965,2.131,3,qsar,ECOSAR_BASELINE,algae,NA,1,ECOSAR_BASELINE
DTXSID0021965,0.0008037,3,qsar,VAN_LEEUWEN,algae,NA,1,VAN_LEEUWEN
DTXSID0021965,1.218,3,geomean,ecotox,crustacean,NA,1,ecotox
DTXSID0021965,0.147,3,quantile,ecotox,crustacean,NA,1,ecotox
DTXSID0021965,1.497,3,qsar,IRFMN,crustacean,NA,1,IRFMN
DTXSID0021965,1.273,3,qsar,ECOSAR_BASELINE,crustacean,NA,1,ECOSAR_BASELINE
DTXSID0021965,0.000001416,3,qsar,BOL,crustacean,NA,1,BOL
DTXSID0021965,3.265,3,geomean,ecotox,fish,NA,1,ecotox
DTXSID0021965,0.9032,3,quantile,ecotox,fish,NA,1,ecotox
DTXSID0021965,2.387,3,qsar,IRFMN,fish,NA,1,IRFMN
DTXSID0021965,1.844,3,qsar,ECOSAR_BASELINE,fish,NA,1,ECOSAR_BASELINE
DTXSID0021965,0.000002203,3,qsar,BOL,fish,NA,1,BOL
DTXSID0022018,5,3,geomean,ecotox,algae,NA,1,ecotox
DTXSID0022018,5,3,quantile,ecotox,algae,NA,1,ecotox
DTXSID0022018,1.741,3,qsar,IRFMN,algae,NA,1,IRFMN
DTXSID0022018,3.404,3,qsar,ECOSAR_BASELINE,algae,NA,1,ECOSAR_BASELINE
DTXSID0022018,0.001312,3,qsar,VAN_LEEUWEN,algae,NA,1,VAN_LEEUWEN
DTXSID0022018,0.08557,3,geomean,ecotox,crustacean,NA,1,ecotox
DTXSID0022018,0.01238,3,quantile,ecotox,crustacean,NA,1,ecotox
DTXSID0022018,17.29,3,qsar,IRFMN,crustacean,NA,1,IRFMN
DTXSID0022018,2.058,3,qsar,ECOSAR_BASELINE,crustacean,NA,1,ECOSAR_BASELINE
DTXSID0022018,0.000002303,3,qsar,BOL,crustacean,NA,1,BOL
DTXSID0022018,1.66,3,geomean,ecotox,fish,NA,1,ecotox
DTXSID0022018,0.0691,3,quantile,ecotox,fish,NA,1,ecotox
DTXSID0022018,5.731,3,qsar,IRFMN,fish,NA,1,IRFMN
DTXSID0022018,2.988,3,qsar,ECOSAR_BASELINE,fish,NA,1,ECOSAR_BASELINE
DTXSID0022018,0.000003559,3,qsar,BOL,fish,NA,1,BOL
DTXSID0022197,3.532,3,qsar,IRFMN,algae,NA,0.01,IRFMN
DTXSID0022197,534.7,3,qsar,ECOSAR_BASELINE,algae,NA,0.01,ECOSAR_BASELINE
DTXSID0022197,2.376,3,qsar,VAN_LEEUWEN,algae,NA,0.01,VAN_LEEUWEN
DTXSID0022197,35.14,3,qsar,IRFMN,crustacean,NA,0.01,IRFMN
DTXSID0022197,1206,3,qsar,ECOSAR_BASELINE,crustacean,NA,0.01,ECOSAR_BASELINE
DTXSID0022197,0.002804,3,qsar,BOL,crustacean,NA,0.01,BOL
DTXSID0022197,47.4,3,geomean,ecotox,fish,NA,0.01,ecotox
DTXSID0022197,47.4,3,quantile,ecotox,fish,NA,0.01,ecotox
DTXSID0022197,20.9,3,qsar,IRFMN,fish,NA,0.01,IRFMN
DTXSID0022197,2409,3,qsar,ECOSAR_BASELINE,fish,NA,0.01,ECOSAR_BASELINE
DTXSID0022197,0.001958,3,qsar,BOL,fish,NA,0.01,BOL
DTXSID0022301,0.9153,0,qsar,IRFMN,algae,NA,1,IRFMN
DTXSID0022301,0.1941,0,qsar,ECOSAR_BASELINE,algae,NA,1,ECOSAR_BASELINE
DTXSID0022301,0.00001676,3,qsar,VAN_LEEUWEN,algae,NA,1,VAN_LEEUWEN
DTXSID0022301,0.0001664,3,geomean,ecotox,crustacean,NA,1,ecotox
DTXSID0022301,0.00001975,3,quantile,ecotox,crustacean,NA,1,ecotox
DTXSID0022301,0.04947,3,qsar,IRFMN,crustacean,NA,1,IRFMN
DTXSID0022301,0.05242,3,qsar,ECOSAR_BASELINE,crustacean,NA,1,ECOSAR_BASELINE
DTXSID0022301,0.00000003753,3,qsar,BOL,crustacean,NA,1,BOL
DTXSID0022301,0.0008257,3,geomean,ecotox,fish,NA,1,ecotox
DTXSID0022301,0.0002485,3,quantile,ecotox,fish,NA,1,ecotox
DTXSID0022301,0.8199,0,qsar,IRFMN,fish,NA,1,IRFMN
DTXSID0022301,0.06265,3,qsar,ECOSAR_BASELINE,fish,NA,1,ECOSAR_BASELINE
DTXSID0022301,0.00000009426,3,qsar,BOL,fish,NA,1,BOL
DTXSID0022432,0.05929,0,qsar,IRFMN,algae,NA,1,IRFMN
DTXSID0022432,0.1687,0,qsar,ECOSAR_BASELINE,algae,NA,1,ECOSAR_BASELINE
DTXSID0022432,0.00001854,3,qsar,VAN_LEEUWEN,algae,NA,1,VAN_LEEUWEN
DTXSID0022432,0.03647,0,geomean,ecotox,crustacean,NA,1,ecotox
DTXSID0022432,0.09567,0,quantile,ecotox,crustacean,NA,1,ecotox
DTXSID0022432,0.208,0,qsar,IRFMN,crustacean,NA,1,IRFMN
DTXSID0022432,0.05188,0,qsar,ECOSAR_BASELINE,crustacean,NA,1,ECOSAR_BASELINE
DTXSID0022432,0.00000003991,3,qsar,BOL,crustacean,NA,1,BOL
DTXSID0022432,0.3825,0,qsar,IRFMN,fish,NA,1,IRFMN
DTXSID0022432,0.06398,0,qsar,ECOSAR_BASELINE,fish,NA,1,ECOSAR_BASELINE
DTXSID0022432,0.00000009271,3,qsar,BOL,fish,NA,1,BOL
DTXSID0022511,0.2858,3,qsar,IRFMN,algae,NA,1,IRFMN
DTXSID0022511,0.5256,3,qsar,ECOSAR_BASELINE,algae,NA,1,ECOSAR_BASELINE
DTXSID0022511,0.00009691,3,qsar,VAN_LEEUWEN,algae,NA,1,VAN_LEEUWEN
DTXSID0022511,0.001475,3,geomean,ecotox,crustacean,NA,1,ecotox
DTXSID0022511,0.0001119,3,quantile,ecotox,crustacean,NA,1,ecotox
DTXSID0022511,0.1572,3,qsar,IRFMN,crustacean,NA,1,IRFMN
DTXSID0022511,0.2136,3,qsar,ECOSAR_BASELINE,crustacean,NA,1,ECOSAR_BASELINE
DTXSID0022511,0.0000001918,3,qsar,BOL,crustacean,NA,1,BOL
DTXSID0022511,0.3954,3,qsar,IRFMN,fish,NA,1,IRFMN
DTXSID0022511,0.2818,3,qsar,ECOSAR_BASELINE,fish,NA,1,ECOSAR_BASELINE
DTXSID0022511,0.0000003766,3,qsar,BOL,fish,NA,1,BOL
DTXSID0022563,2.639,0,qsar,IRFMN,algae,NA,0.99,IRFMN
DTXSID0022563,14.73,0,qsar,ECOSAR_BASELINE,algae,NA,0.99,ECOSAR_BASELINE
DTXSID0022563,0.01105,3,qsar,VAN_LEEUWEN,algae,NA,0.99,VAN_LEEUWEN
DTXSID0022563,48.42,0,geomean,ecotox,crustacean,NA,0.99,ecotox
DTXSID0022563,33.2,0,quantile,ecotox,crustacean,NA,0.99,ecotox
DTXSID0022563,4.824,0,qsar,IRFMN,crustacean,NA,0.99,IRFMN
DTXSID0022563,12.75,0,qsar,ECOSAR_BASELINE,crustacean,NA,0.99,ECOSAR_BASELINE
DTXSID0022563,0.00001741,3,qsar,BOL,crustacean,NA,0.99,BOL
DTXSID0022563,2.493,0,qsar,IRFMN,fish,NA,0.99,IRFMN
DTXSID0022563,20.19,0,qsar,ECOSAR_BASELINE,fish,NA,0.99,ECOSAR_BASELINE
DTXSID0022563,0.00002167,3,qsar,BOL,fish,NA,0.99,BOL
DTXSID00226167,7.534,3,qsar,IRFMN,algae,NA,0.64,IRFMN
DTXSID00226167,195.3,2,qsar,ECOSAR_BASELINE,algae,NA,0.64,ECOSAR_BASELINE
DTXSID00226167,0.4394,3,qsar,VAN_LEEUWEN,algae,NA,0.64,VAN_LEEUWEN
DTXSID00226167,50.45,3,qsar,IRFMN,crustacean,NA,0.64,IRFMN
DTXSID00226167,305.4,2,qsar,ECOSAR_BASELINE,crustacean,NA,0.64,ECOSAR_BASELINE
DTXSID00226167,0.0005793,3,qsar,BOL,crustacean,NA,0.64,BOL
DTXSID00226167,5.665,3,qsar,IRFMN,fish,NA,0.64,IRFMN
DTXSID00226167,558.1,2,qsar,ECOSAR_BASELINE,fish,NA,0.64,ECOSAR_BASELINE
DTXSID00226167,0.0005045,3,qsar,BOL,fish,NA,0.64,BOL
DTXSID00226268,14.35,3,qsar,IRFMN,algae,NA,0.001,IRFMN
DTXSID00226268,2885,3,qsar,ECOSAR_BASELINE,algae,NA,0.001,ECOSAR_BASELINE
DTXSID00226268,32.9,3,qsar,VAN_LEEUWEN,algae,NA,0.001,VAN_LEEUWEN
DTXSID00226268,50.96,3,qsar,IRFMN,crustacean,NA,0.001,IRFMN
DTXSID00226268,10820,3,qsar,ECOSAR_BASELINE,crustacean,NA,0.001,ECOSAR_BASELINE
DTXSID00226268,0.03332,3,qsar,BOL,crustacean,NA,0.001,BOL
DTXSID00226268,14.6,3,qsar,IRFMN,fish,NA,0.001,IRFMN
DTXSID00226268,24420,3,qsar,ECOSAR_BASELINE,fish,NA,0.001,ECOSAR_BASELINE
DTXSID00226268,0.01713,3,qsar,BOL,fish,NA,0.001,BOL
DTXSID0022640,6.691,3,qsar,IRFMN,algae,NA,0.001,IRFMN
DTXSID0022640,5201,2,qsar,ECOSAR_BASELINE,algae,NA,0.001,ECOSAR_BASELINE
DTXSID0022640,42.51,3,qsar,VAN_LEEUWEN,algae,NA,0.001,VAN_LEEUWEN
DTXSID0022640,287.4,3,qsar,IRFMN,crustacean,NA,0.001,IRFMN
DTXSID0022640,16300,2,qsar,ECOSAR_BASELINE,crustacean,NA,0.001,ECOSAR_BASELINE
DTXSID0022640,0.04545,3,qsar,BOL,crustacean,NA,0.001,BOL
DTXSID0022640,6.155,3,qsar,IRFMN,fish,NA,0.001,IRFMN
DTXSID0022640,35230,2,qsar,ECOSAR_BASELINE,fish,NA,0.001,ECOSAR_BASELINE
DTXSID0022640,0.02603,3,qsar,BOL,fish,NA,0.001,BOL
DTXSID0022642,10.16,3,qsar,IRFMN,algae,NA,0.05,IRFMN
DTXSID0022642,1246,2,qsar,ECOSAR_BASELINE,algae,NA,0.05,ECOSAR_BASELINE
DTXSID0022642,5.698,3,qsar,VAN_LEEUWEN,algae,NA,0.05,VAN_LEEUWEN
DTXSID0022642,121.8,3,qsar,IRFMN,crustacean,NA,0.05,IRFMN
DTXSID0022642,2856,2,qsar,ECOSAR_BASELINE,crustacean,NA,0.05,ECOSAR_BASELINE
DTXSID0022642,0.006694,3,qsar,BOL,crustacean,NA,0.05,BOL
DTXSID0022642,6.692,3,qsar,IRFMN,fish,NA,0.05,IRFMN
DTXSID0022642,5723,2,qsar,ECOSAR_BASELINE,fish,NA,0.05,ECOSAR_BASELINE
DTXSID0022642,0.004631,3,qsar,BOL,fish,NA,0.05,BOL
DTXSID0022644,3.168,3,qsar,IRFMN,algae,NA,0.03,IRFMN
DTXSID0022644,14.09,3,qsar,ECOSAR_BASELINE,algae,NA,0.03,ECOSAR_BASELINE
DTXSID0022644,0.009436,3,qsar,VAN_LEEUWEN,algae,NA,0.03,VAN_LEEUWEN
DTXSID0022644,3.671,3,qsar,IRFMN,crustacean,NA,0.03,IRFMN
DTXSID0022644,11.47,3,qsar,ECOSAR_BASELINE,crustacean,NA,0.03,ECOSAR_BASELINE
DTXSID0022644,0.00001515,3,qsar,BOL,crustacean,NA,0.03,BOL
DTXSID0022644,2.689,3,qsar,IRFMN,fish,NA,0.03,IRFMN
DTXSID0022644,17.9,3,qsar,ECOSAR_BASELINE,fish,NA,0.03,ECOSAR_BASELINE
DTXSID0022644,0.00001956,3,qsar,BOL,fish,NA,0.03,BOL
DTXSID0022690,1.244,3,qsar,IRFMN,algae,NA,0.13,IRFMN
DTXSID0022690,7.632,3,qsar,ECOSAR_BASELINE,algae,NA,0.13,ECOSAR_BASELINE
DTXSID0022690,0.003486,3,qsar,VAN_LEEUWEN,algae,NA,0.13,VAN_LEEUWEN
DTXSID0022690,2.006,3,qsar,IRFMN,crustacean,NA,0.13,IRFMN
DTXSID0022690,5.056,3,qsar,ECOSAR_BASELINE,crustacean,NA,0.13,ECOSAR_BASELINE
DTXSID0022690,0.000005954,3,qsar,BOL,crustacean,NA,0.13,BOL
DTXSID0022690,2.041,3,qsar,IRFMN,fish,NA,0.13,IRFMN
DTXSID0022690,7.506,3,qsar,ECOSAR_BASELINE,fish,NA,0.13,ECOSAR_BASELINE
DTXSID0022690,0.000008706,3,qsar,BOL,fish,NA,0.13,BOL
DTXSID0022692,0.3656,3,qsar,IRFMN,algae,NA,1,IRFMN
DTXSID0022692,39.92,2,qsar,ECOSAR_BASELINE,algae,NA,1,ECOSAR_BASELINE
DTXSID0022692,0.03919,3,qsar,VAN_LEEUWEN,algae,NA,1,VAN_LEEUWEN
DTXSID0022692,0.4712,3,qsar,IRFMN,crustacean,NA,1,IRFMN
DTXSID0022692,39.94,2,qsar,ECOSAR_BASELINE,crustacean,NA,1,ECOSAR_BASELINE
DTXSID0022692,0.00005912,3,qsar,BOL,crustacean,NA,1,BOL
DTXSID0022692,1.227,3,qsar,IRFMN,fish,NA,1,IRFMN
DTXSID0022692,65.51,2,qsar,ECOSAR_BASELINE,fish,NA,1,ECOSAR_BASELINE
DTXSID0022692,0.00006741,3,qsar,BOL,fish,NA,1,BOL
DTXSID0022725,0.893,3,qsar,IRFMN,algae,NA,0.001,IRFMN
DTXSID0022725,17.78,3,qsar,ECOSAR_BASELINE,algae,NA,0.001,ECOSAR_BASELINE
DTXSID0022725,0.01158,3,qsar,VAN_LEEUWEN,algae,NA,0.001,VAN_LEEUWEN
DTXSID0022725,0.6817,3,qsar,IRFMN,crustacean,NA,0.001,IRFMN
DTXSID0022725,14.26,3,qsar,ECOSAR_BASELINE,crustacean,NA,0.001,ECOSAR_BASELINE
DTXSID0022725,0.00001867,3,qsar,BOL,crustacean,NA,0.001,BOL
DTXSID0022725,1.755,3,qsar,IRFMN,fish,NA,0.001,IRFMN
DTXSID0022725,22.17,3,qsar,ECOSAR_BASELINE,fish,NA,0.001,ECOSAR_BASELINE
DTXSID0022725,0.00002433,3,qsar,BOL,fish,NA,0.001,BOL
DTXSID0022773,6.241,3,qsar,IRFMN,algae,NA,0.001,IRFMN
DTXSID0022773,2314,2,qsar,ECOSAR_BASELINE,algae,NA,0.001,ECOSAR_BASELINE
DTXSID0022773,11.85,3,qsar,VAN_LEEUWEN,algae,NA,0.001,VAN_LEEUWEN
DTXSID0022773,0.04401,3,qsar,IRFMN,crustacean,NA,0.001,IRFMN
DTXSID0022773,5634,2,qsar,ECOSAR_BASELINE,crustacean,NA,0.001,ECOSAR_BASELINE
DTXSID0022773,0.01366,3,qsar,BOL,crustacean,NA,0.001,BOL
DTXSID0022773,6.892,3,qsar,IRFMN,fish,NA,0.001,IRFMN
DTXSID0022773,11460,2,qsar,ECOSAR_BASELINE,fish,NA,0.001,ECOSAR_BASELINE
DTXSID0022773,0.009111,3,qsar,BOL,fish,NA,0.001,BOL
DTXSID0022777,0.8878,3,qsar,IRFMN,algae,NA,1,IRFMN
DTXSID0022777,15.15,2,qsar,ECOSAR_BASELINE,algae,NA,1,ECOSAR_BASELINE
DTXSID0022777,0.009795,3,qsar,VAN_LEEUWEN,algae,NA,1,VAN_LEEUWEN
DTXSID0022777,0.2958,3,qsar,IRFMN,crustacean,NA,1,IRFMN
DTXSID0022777,12.1,2,qsar,ECOSAR_BASELINE,crustacean,NA,1,ECOSAR_BASELINE
DTXSID0022777,0.00001581,3,qsar,BOL,crustacean,NA,1,BOL
DTXSID0022777,10,2,geomean,ecotox,fish,NA,1,ecotox
DTXSID0022777,10,2,quantile,ecotox,fish,NA,1,ecotox
DTXSID0022777,1.52,3,qsar,IRFMN,fish,NA,1,IRFMN
DTXSID0022777,18.8,2,qsar,ECOSAR_BASELINE,fish,NA,1,ECOSAR_BASELINE
DTXSID0022777,0.00002065,3,qsar,BOL,fish,NA,1,BOL
DTXSID0022800,3.655,3,qsar,IRFMN,algae,NA,0.21,IRFMN
DTXSID0022800,3416,2,qsar,ECOSAR_BASELINE,algae,NA,0.21,ECOSAR_BASELINE
DTXSID0022800,27.53,3,qsar,VAN_LEEUWEN,algae,NA,0.21,VAN_LEEUWEN
DTXSID0022800,57.51,3,qsar,IRFMN,crustacean,NA,0.21,IRFMN
DTXSID0022800,10620,2,qsar,ECOSAR_BASELINE,crustacean,NA,0.21,ECOSAR_BASELINE
DTXSID0022800,0.02949,3,qsar,BOL,crustacean,NA,0.21,BOL
DTXSID0022800,3.327,3,qsar,IRFMN,fish,NA,0.21,IRFMN
DTXSID0022800,22920,2,qsar,ECOSAR_BASELINE,fish,NA,0.21,ECOSAR_BASELINE
